precinct_county_nce,precinct_county_name,precinct_name,precinct_nr,uat_name,uat_siruta,report_version,report_stage_code,report_type_scope_code,report_type_category_code,report_type_code,created_at,a,a1,a2,a3,a4,b,b1,b2,b3,b4,c,d,e,f,"DOGARU AUREL-PARTIDUL S.O.S. ROMÂNIA-voturi","BRÎNZEA DRAGOȘ-EUGEN-PARTIDUL OAMENILOR TINERI-voturi","MORARU MIHAI-RĂZVAN-ALIANȚA PNL USR-voturi","CIOLACU ION-MARCEL-PARTIDUL SOCIAL DEMOCRAT-voturi","AVRĂMESCU ȘTEFĂNIȚĂ-ALIN-ALIANȚA PENTRU UNIREA ROMÂNILOR-voturi","BUDESCU MIHAI-PARTIDUL ROMÂNIA MARE-voturi","PANĂ GHEORGHE-GABRIEL-ACȚIUNEA CONSERVATOARE-voturi","IORDACHE SILVIU-CANDIDAT INDEPENDENT-voturi"
10,BUZĂU,"ANEXĂ IMOBIL-PRIMĂRIA COMUNEI CALVINI",177,CALVINI,45753,2,PART,PRCNCT,PCJ,PCJ_SV,"2025-12-08 02:16:55",780,727,0,10,43,331,278,0,10,43,324,7,850,519,1,2,3,268,46,1,0,3
10,BUZĂU,"BIBLIOTECA COMUNALĂ „COSTACHE MOGLAN”",349,SCORŢOASA,49313,1,PART,PRCNCT,PCJ,PCJ_SV,"2025-12-07 21:21:00",942,933,1,3,5,187,179,0,3,5,183,4,1050,863,6,3,14,85,69,0,1,5
10,BUZĂU,"BIBLIOTECA COMUNALĂ LOPĂTARI",259,LOPĂTARI,47186,1,PART,PRCNCT,PCJ,PCJ_SV,"2025-12-07 21:52:25",794,791,1,0,2,228,226,0,0,2,226,2,900,672,2,0,38,145,34,0,0,7
10,BUZĂU,"CĂMIN CULTURAL",124,"ORAŞ PĂTÂRLAGELE",48325,1,PART,PRCNCT,PCJ,PCJ_SV,"2025-12-07 21:40:43",685,679,0,6,0,170,164,0,6,0,164,6,750,580,2,3,12,60,80,5,1,1
10,BUZĂU,"CĂMIN CULTURAL",126,"ORAŞ PĂTÂRLAGELE",48325,1,PART,PRCNCT,PCJ,PCJ_SV,"2025-12-07 21:42:51",179,174,0,5,0,58,53,0,5,0,57,1,200,142,3,2,8,24,18,0,0,2
10,BUZĂU,"CÃMIN CULTURAL",385,ŢINTEŞTI,49849,1,PART,PRCNCT,PCJ,PCJ_SV,"2025-12-07 21:44:51",1782,1775,3,4,0,405,401,0,4,0,396,9,2000,1595,3,2,14,214,146,0,4,13
10,BUZĂU,"CĂMIN CULTURAL BĂDÂRLEGI",105,"ORAŞ NEHOIU",47916,1,PART,PRCNCT,PCJ,PCJ_SV,"2025-12-07 21:37:32",95,86,0,7,2,46,37,0,7,2,45,1,100,54,1,2,1,31,8,0,0,2
10,BUZĂU,"CAMIN CULTURAL BALTENI",182,"C.A. ROSETTI",45815,1,PART,PRCNCT,PCJ,PCJ_SV,"2025-12-07 21:32:15",343,339,0,4,0,75,71,0,4,0,72,3,400,325,5,1,9,42,14,0,0,1
10,BUZĂU,"CĂMIN CULTURAL BÎSCA ROZILEI",109,"ORAŞ NEHOIU",47916,1,PART,PRCNCT,PCJ,PCJ_SV,"2025-12-07 21:37:59",522,514,0,8,0,165,157,0,8,0,163,2,600,435,2,4,8,78,62,3,2,4
10,BUZĂU,"CĂMIN CULTURAL CĂNEŞTI",187,CĂNEŞTI,45888,1,PART,PRCNCT,PCJ,PCJ_SV,"2025-12-07 22:02:30",377,329,0,5,43,199,151,0,5,43,197,2,400,201,2,2,5,137,41,2,1,7
10,BUZĂU,"CĂMIN CULTURAL CU BIBLIOTECĂ",236,GHERĂSENI,46803,1,PART,PRCNCT,PCJ,PCJ_SV,"2025-12-07 21:53:27",1437,1432,1,4,0,368,364,0,4,0,368,0,1600,1232,12,6,20,200,112,2,1,15
10,BUZĂU,"CĂMIN CULTURAL CURMĂTURA",112,"ORAŞ NEHOIU",47916,1,PART,PRCNCT,PCJ,PCJ_SV,"2025-12-07 21:20:09",109,91,2,5,11,53,37,0,5,11,53,0,150,97,1,0,1,40,6,0,0,5
10,BUZĂU,"CĂMIN CULTURAL JOSENI",148,BERCA,45101,1,PART,PRCNCT,PCJ,PCJ_SV,"2025-12-07 21:30:43",664,658,0,6,0,143,137,0,6,0,142,1,700,557,1,4,16,62,38,1,1,19
10,BUZĂU,"CĂMIN CULTURAL MLĂJET",115,"ORAŞ NEHOIU",47916,1,PART,PRCNCT,PCJ,PCJ_SV,"2025-12-07 21:49:34",683,675,0,5,3,182,175,0,5,2,179,3,750,568,3,5,11,91,60,3,1,5
10,BUZĂU,"CĂMIN CULTURAL PĂLTINENI",116,"ORAŞ NEHOIU",47916,1,PART,PRCNCT,PCJ,PCJ_SV,"2025-12-07 21:49:23",619,612,0,7,0,167,160,0,7,0,159,8,700,533,0,1,13,69,61,3,2,10
10,BUZĂU,"CĂMIN CULTURAL PÎCLE",149,BERCA,45101,1,PART,PRCNCT,PCJ,PCJ_SV,"2025-12-07 21:25:59",115,110,0,5,0,32,27,0,5,0,32,0,150,118,1,0,10,8,13,0,0,0
10,BUZĂU,"CĂMIN CULTURAL ROȘIORU",216,COCHIRLEANCA,46377,1,PART,PRCNCT,PCJ,PCJ_SV,"2025-12-07 21:23:19",534,525,0,9,0,116,107,0,9,0,112,4,550,434,1,1,5,74,26,1,0,4
10,BUZĂU,"CĂMIN CULTURAL SIRIU",359,SIRIU,49484,1,PART,PRCNCT,PCJ,PCJ_SV,"2025-12-07 22:15:23",1356,1349,0,3,4,461,454,0,3,4,448,13,1500,1039,3,8,19,196,202,2,2,16
10,BUZĂU,"CĂMIN CULTURAL TĂBĂRĂȘTI",234,GĂLBINAŞI,46769,1,PART,PRCNCT,PCJ,PCJ_SV,"2025-12-07 21:40:19",782,778,0,4,0,219,215,0,4,0,215,4,850,631,8,4,16,129,50,0,2,6
10,BUZĂU,"CĂMIN CULTURAL VALEA NEHOIULUI",107,"ORAŞ NEHOIU",47916,1,PART,PRCNCT,PCJ,PCJ_SV,"2025-12-07 21:25:50",752,747,1,4,0,220,216,0,4,0,216,4,800,580,2,3,10,107,86,1,0,7
10,BUZĂU,"CĂMIN CULTURAL VINETIS",117,"ORAŞ NEHOIU",47916,1,PART,PRCNCT,PCJ,PCJ_SV,"2025-12-07 21:18:20",116,110,0,6,0,69,63,0,6,0,68,1,150,81,2,0,4,27,33,1,0,1
10,BUZĂU,"CĂMINUL CULTURAL",134,AMARU,44863,1,PART,PRCNCT,PCJ,PCJ_SV,"2025-12-07 21:38:27",174,164,0,8,2,67,57,0,8,2,64,3,200,133,1,0,2,49,11,0,0,1
10,BUZĂU,"CĂMINUL CULTURAL",133,AMARU,44863,1,PART,PRCNCT,PCJ,PCJ_SV,"2025-12-07 21:45:25",396,389,0,7,0,118,111,0,7,0,118,0,450,332,3,1,24,49,39,0,2,0
10,BUZĂU,"CĂMINUL CULTURAL AMARA",137,"BALTA ALBĂ",44934,1,PART,PRCNCT,PCJ,PCJ_SV,"2025-12-07 21:48:46",1110,1098,1,2,9,415,404,0,2,9,411,4,1200,785,1,7,10,335,57,0,1,0
10,BUZĂU,"CAMINUL CULTURAL BAILE",138,"BALTA ALBĂ",44934,1,PART,PRCNCT,PCJ,PCJ_SV,"2025-12-07 21:38:02",342,326,0,5,11,151,135,0,5,11,150,1,400,249,2,1,25,108,13,1,0,0
10,BUZĂU,"CĂMINUL CULTURAL BENTU",233,GĂLBINAŞI,46769,2,PART,PRCNCT,PCJ,PCJ_SV,"2025-12-07 23:14:02",777,771,0,6,0,143,137,0,6,0,142,1,850,707,5,3,14,51,63,0,0,6
10,BUZĂU,"CĂMINUL CULTURAL BÎLHACU",183,"C.A. ROSETTI",45815,1,PART,PRCNCT,PCJ,PCJ_SV,"2025-12-07 21:23:49",148,144,0,4,0,18,14,0,4,0,18,0,150,132,1,1,3,9,3,1,0,0
10,BUZĂU,"CĂMINUL CULTURAL BLĂJANI",159,BLĂJANI,45334,2,PART,PRCNCT,PCJ,PCJ_SV,"2025-12-07 23:39:07",537,513,0,4,20,241,217,0,4,20,236,5,600,359,2,1,10,187,32,0,0,4
10,BUZĂU,"CĂMINUL CULTURAL BREAZA",171,BREAZA,45619,1,PART,PRCNCT,PCJ,PCJ_SV,"2025-12-07 21:38:53",754,732,3,5,14,150,131,0,5,14,146,4,850,700,1,1,11,98,28,1,2,4
10,BUZĂU,"CAMINUL CULTURAL CHILIILE",198,CHILIILE,46108,1,PART,PRCNCT,PCJ,PCJ_SV,"2025-12-07 21:48:34",208,178,0,3,27,137,107,0,3,27,132,5,250,113,0,1,9,113,9,0,0,0
10,BUZĂU,"CĂMINUL CULTURAL ”DIMITRIE GUSTI”",334,RUŞEŢU,49046,2,PART,PRCNCT,PCJ,PCJ_SV,"2025-12-08 01:47:14",866,861,0,5,0,265,260,0,5,0,254,11,950,685,0,3,17,152,76,1,1,4
10,BUZĂU,"CĂMINUL CULTURAL DIN SATUL ALDENI",195,CERNĂTEŞTI,46019,2,PART,PRCNCT,PCJ,PCJ_SV,"2025-12-08 00:06:14",670,653,0,4,13,260,243,0,4,13,255,5,700,440,1,1,20,171,50,1,1,10
10,BUZĂU,"CĂMINUL CULTURAL DIN SATUL ZĂRNEŞTI SLĂNIC",197,CERNĂTEŞTI,46019,1,PART,PRCNCT,PCJ,PCJ_SV,"2025-12-07 21:38:05",1050,1034,0,5,11,337,321,0,5,11,331,6,1150,813,6,3,18,214,77,2,1,10
10,BUZĂU,"CĂMINUL CULTURAL LANURILE",423,ZIDURI,50479,1,PART,PRCNCT,PCJ,PCJ_SV,"2025-12-07 21:36:06",547,543,1,3,0,118,115,0,3,0,117,1,600,482,2,2,8,50,52,0,0,3
10,BUZĂU,"CĂMINUL CULTURAL LUCIU",264,LUCIU,47300,2,PART,PRCNCT,PCJ,PCJ_SV,"2025-12-08 00:27:16",1537,1518,0,5,14,411,392,0,5,14,400,11,1700,1289,6,3,9,287,84,0,2,9
10,BUZĂU,"CAMINUL CULTURAL LUNCA",135,AMARU,44863,1,PART,PRCNCT,PCJ,PCJ_SV,"2025-12-07 21:40:26",268,260,0,7,1,91,83,0,7,1,90,1,300,209,1,1,2,64,22,0,0,0
10,BUZĂU,"CAMINUL CULTURAL MOŞEŞTI",331,ROBEASCA,49019,1,PART,PRCNCT,PCJ,PCJ_SV,"2025-12-07 21:41:42",254,229,0,9,16,88,65,0,9,14,86,2,300,212,1,2,5,68,8,0,0,2
10,BUZĂU,"CĂMINUL CULTURAL MURGEȘTI",291,MURGEŞTI,47818,2,PART,PRCNCT,PCJ,PCJ_SV,"2025-12-08 00:54:10",645,612,0,2,31,311,278,0,2,31,309,2,700,389,3,4,6,237,50,1,1,7
10,BUZĂU,"CĂMINUL CULTURAL MUSCELUL CĂRĂMĂNEŞTI",221,COLŢI,46439,1,PART,PRCNCT,PCJ,PCJ_SV,"2025-12-07 21:12:05",51,42,0,9,0,21,12,0,9,0,21,0,50,29,1,1,1,14,3,0,1,0
10,BUZĂU,"CĂMINUL CULTURAL PADINA",298,PADINA,48138,1,PART,PRCNCT,PCJ,PCJ_SV,"2025-12-07 22:07:55",772,766,1,5,0,102,97,0,5,0,102,0,850,748,1,1,15,44,38,0,1,2
10,BUZĂU,"CAMINUL CULTURAL PINU",170,BRĂEŞTI,45539,1,PART,PRCNCT,PCJ,PCJ_SV,"2025-12-07 21:43:31",259,243,0,7,9,108,92,0,7,9,107,1,300,192,1,1,7,89,7,0,0,2
10,BUZĂU,"CĂMINUL CULTURAL PÎRSCOV",305,PÂRSCOV,48557,1,PART,PRCNCT,PCJ,PCJ_SV,"2025-12-07 21:39:07",1169,1166,1,0,2,212,210,0,0,2,206,6,1300,1088,2,2,20,90,68,0,1,23
10,BUZĂU,"CĂMINUL CULTURAL PÎRSCOV",304,PÂRSCOV,48557,1,PART,PRCNCT,PCJ,PCJ_SV,"2025-12-07 21:34:30",1216,1208,1,6,1,187,180,0,6,1,186,1,1350,1163,2,2,18,100,47,0,1,16
10,BUZĂU,"CĂMINUL CULTURAL SĂGEATA",337,SĂGEATA,49073,2,PART,PRCNCT,PCJ,PCJ_SV,"2025-12-07 23:48:45",308,290,0,6,12,155,137,0,6,12,154,1,350,195,3,1,4,124,19,0,0,3
10,BUZĂU,"CĂMINUL CULTURAL SĂRULEŞTI",348,SĂRULEŞTI,49233,1,PART,PRCNCT,PCJ,PCJ_SV,"2025-12-07 22:04:36",962,959,0,3,0,296,293,0,3,0,294,2,1050,754,3,8,15,160,71,1,2,34
10,BUZĂU,"CĂMINUL CULTURAL SAT FURTUNEŞTI",255,"GURA TEGHII",47079,1,PART,PRCNCT,PCJ,PCJ_SV,"2025-12-07 22:07:33",698,691,0,6,1,180,173,0,6,1,177,3,750,570,4,3,17,73,71,1,0,8
10,BUZĂU,"CAMINUL CULTURAL SAT GRAJDANA",371,TISĂU,49643,1,PART,PRCNCT,PCJ,PCJ_SV,"2025-12-07 21:34:49",824,817,1,6,0,169,163,0,6,0,165,4,900,731,1,1,10,102,39,1,1,10
10,BUZĂU,"CAMINUL CULTURAL SATUL GURA TEGHII",254,"GURA TEGHII",47079,1,PART,PRCNCT,PCJ,PCJ_SV,"2025-12-07 22:07:51",1057,1050,2,5,0,372,367,0,5,0,366,6,1100,728,1,4,25,184,126,2,1,23
10,BUZĂU,"CĂMINUL CULTURAL SOREŞTI",160,BLĂJANI,45334,2,PART,PRCNCT,PCJ,PCJ_SV,"2025-12-07 23:42:07",219,210,0,4,5,110,101,0,4,5,108,2,250,140,3,1,2,80,20,0,0,2
10,BUZĂU,"CĂMINUL CULTURAL TRESTIA",230,COZIENI,46554,1,PART,PRCNCT,PCJ,PCJ_SV,"2025-12-07 21:19:54",284,279,0,5,0,89,84,0,5,0,88,1,350,261,1,1,12,54,17,0,0,3
10,BUZĂU,"CĂMINUL CULTURAL VALEA SALCIEI",399,"VALEA SALCIEI",50068,2,PART,PRCNCT,PCJ,PCJ_SV,"2025-12-08 01:25:42",511,503,0,5,3,176,168,0,5,3,176,0,550,374,0,2,80,47,37,0,1,9
10,BUZĂU,"CĂMINUL CULTURAL VISPEȘTI",173,BREAZA,45619,1,PART,PRCNCT,PCJ,PCJ_SV,"2025-12-07 21:47:35",533,515,0,2,16,101,83,0,2,16,99,2,600,499,8,2,5,56,21,0,0,7
10,BUZĂU,"CĂMINUL CULTURAL ZOIŢA",424,ZIDURI,50479,1,PART,PRCNCT,PCJ,PCJ_SV,"2025-12-07 21:24:47",421,418,0,3,0,63,60,0,3,0,60,3,450,387,0,1,7,29,22,1,0,0
10,BUZĂU,"CĂMINUL DE NUNTI SMEENI",361,SMEENI,49545,1,PART,PRCNCT,PCJ,PCJ_SV,"2025-12-07 22:01:28",1112,1107,0,5,0,275,270,0,5,0,270,5,1250,975,1,1,11,172,77,1,3,4
10,BUZĂU,"CAMPUS PENTRU COPII SF.SAVA - RECEA",157,BISOCA,45245,1,PART,PRCNCT,PCJ,PCJ_SV,"2025-12-07 21:39:33",694,692,0,2,0,152,150,0,2,0,151,1,750,598,1,1,7,120,19,1,0,2
10,BUZĂU,"CANTINA DE AJUTOR SOCIAL",96,"MUNICIPIUL RÂMNICU SĂRAT",44845,1,PART,PRCNCT,PCJ,PCJ_SV,"2025-12-07 21:56:36",1166,1160,0,6,0,240,234,0,6,0,233,7,1300,1060,7,3,13,126,66,4,3,11
10,BUZĂU,"CASA DE CULTURĂ AMARU",132,AMARU,44863,1,PART,PRCNCT,PCJ,PCJ_SV,"2025-12-07 21:57:26",871,864,1,2,4,253,247,0,2,4,248,5,950,697,2,1,16,178,47,0,1,3
10,BUZĂU,"CASA DE CULTURĂ BERCA-PARTER",145,BERCA,45101,1,PART,PRCNCT,PCJ,PCJ_SV,"2025-12-07 21:59:52",1240,1236,0,4,0,274,270,0,4,0,270,4,1400,1126,3,6,52,134,56,0,4,15
10,BUZĂU,"CASA DE CULTURĂ GEORGE BĂICULESCU NEHOIU",102,"ORAŞ NEHOIU",47916,2,PART,PRCNCT,PCJ,PCJ_SV,"2025-12-08 01:35:26",1035,1023,5,3,4,318,311,0,3,4,312,6,1150,832,4,5,38,144,99,2,3,17
10,BUZĂU,"CASA PRAZNICALĂ A PAROHIEI MIEREA",404,VERNEŞTI,50102,1,PART,PRCNCT,PCJ,PCJ_SV,"2025-12-07 21:42:45",415,410,0,5,0,83,78,0,5,0,81,2,450,367,1,1,10,43,19,2,0,5
10,BUZĂU,"CENTRU CULTURAL CHIRLEȘTI",111,"ORAŞ NEHOIU",47916,2,PART,PRCNCT,PCJ,PCJ_SV,"2025-12-08 01:07:18",670,665,0,5,0,157,152,0,5,0,154,3,750,593,1,2,16,46,75,0,2,12
10,BUZĂU,"CENTRU CULTURAL LUNCA PRIPORULUI",113,"ORAŞ NEHOIU",47916,1,PART,PRCNCT,PCJ,PCJ_SV,"2025-12-07 21:30:39",549,539,1,4,5,187,178,0,4,5,183,4,600,413,2,3,21,66,72,0,3,16
10,BUZĂU,"CENTRU EDUCAȚIONAL MULTIFUNCȚIONAL ”ÎMPREUNĂ”",287,MIHĂILEŞTI,47578,1,PART,PRCNCT,PCJ,PCJ_SV,"2025-12-07 21:43:54",930,895,1,6,28,288,253,1,6,28,286,2,1000,712,3,6,19,188,66,1,3,0
10,BUZĂU,"CENTRUL DE RECUPERARE PENTRU COPII CU DIZABILITĂŢI",81,"MUNICIPIUL RÂMNICU SĂRAT",44845,1,PART,PRCNCT,PCJ,PCJ_SV,"2025-12-07 21:56:22",1924,1912,4,8,0,315,307,0,8,0,307,8,2100,1785,4,4,33,149,97,3,7,10
10,BUZĂU,"CENTRUL DE ZI « DOAMNA NEAGA » PENTRU COPII CU VÂRSTE CUPRINSE ÎNTRE 3-6 ANI",209,CISLĂU,46313,1,PART,PRCNCT,PCJ,PCJ_SV,"2025-12-07 21:22:37",617,610,0,7,0,59,52,0,7,0,59,0,650,591,1,1,5,39,13,0,0,0
10,BUZĂU,"CLĂDIREA FOSTA SECŢIE CONFECŢIONAT ÎNCĂLŢĂMINTE DÂMBOVIŢA (LÂNGĂ BISERICA ORTODOXĂ) STR. VALEA NEHOIULUI",106,"ORAŞ NEHOIU",47916,1,PART,PRCNCT,PCJ,PCJ_SV,"2025-12-07 21:27:02",519,513,1,5,0,132,127,0,5,0,130,2,550,418,0,2,9,70,41,1,1,6
10,BUZĂU,"CLĂDIREA GRĂDINIŢEI CU PROGRAM NORMAL",333,RUŞEŢU,49046,1,PART,PRCNCT,PCJ,PCJ_SV,"2025-12-07 21:48:35",869,866,0,3,0,247,244,0,3,0,244,3,950,703,1,0,18,146,73,1,0,5
10,BUZĂU,"CLĂDIRE CĂMIN CULTURAL CLONDIRU",387,ULMENI,49894,1,PART,PRCNCT,PCJ,PCJ_SV,"2025-12-07 21:34:40",1286,1281,2,3,0,227,224,0,3,0,227,0,1400,1173,3,3,22,144,40,0,2,13
10,BUZĂU,"CLĂDIRE SALA DE EDUCAȚIE FIZICĂ ȘCOLARA ULMENI",386,ULMENI,49894,1,PART,PRCNCT,PCJ,PCJ_SV,"2025-12-07 21:52:27",1227,1223,1,3,0,143,140,0,3,0,143,0,1350,1207,1,3,16,51,62,1,5,4
10,BUZĂU,"CLĂDIRE SEDIUL ADMINISTRATIV",206,CILIBIA,46251,2,PART,PRCNCT,PCJ,PCJ_SV,"2025-12-08 01:59:51",1234,1193,5,3,33,485,449,0,3,33,476,9,1300,815,3,4,11,373,77,1,0,7
10,BUZĂU,"CLUBUL COPIILOR POGOANELE",129,"ORAŞ POGOANELE",48744,2,PART,PRCNCT,PCJ,PCJ_SV,"2025-12-08 00:55:16",1332,1310,0,4,18,333,311,0,4,18,325,8,1500,1167,0,1,19,187,101,1,6,10
10,BUZĂU,"CLUBUL PRIMĂRIEI BOLDU",161,BOLDU,45361,1,PART,PRCNCT,PCJ,PCJ_SV,"2025-12-07 21:56:12",918,894,0,4,20,255,231,0,4,20,249,6,1000,745,3,5,16,178,47,0,0,0
10,BUZĂU,"COLEGIUL ECONOMIC ”REGELE MIHAI I”",57,"MUNICIPIUL BUZĂU",44818,2,PART,PRCNCT,PCJ,PCJ_SV,"2025-12-07 22:52:21",1035,1023,5,7,0,239,232,0,7,0,238,1,1100,861,1,3,62,78,61,5,4,24
10,BUZĂU,"COLEGIUL NAŢIONAL ”ALEXANDRU VLAHUŢĂ”",89,"MUNICIPIUL RÂMNICU SĂRAT",44845,2,PART,PRCNCT,PCJ,PCJ_SV,"2025-12-08 01:29:03",997,988,0,8,1,196,187,0,8,1,193,3,1100,904,3,1,28,104,46,3,1,7
10,BUZĂU,"COLEGIUL NAŢIONAL ”ALEXANDRU VLAHUŢĂ”",90,"MUNICIPIUL RÂMNICU SĂRAT",44845,1,PART,PRCNCT,PCJ,PCJ_SV,"2025-12-07 21:38:53",1162,1149,5,7,1,240,232,0,7,1,238,2,1300,1060,1,7,43,101,69,5,6,6
10,BUZĂU,"COLEGIUL NAȚIONAL ”B. P. HASDEU”",34,"MUNICIPIUL BUZĂU",44818,1,PART,PRCNCT,PCJ,PCJ_SV,"2025-12-07 21:40:43",1360,1313,1,9,37,367,321,0,9,37,358,9,1450,1083,8,7,66,140,87,8,6,36
10,BUZĂU,"COLEGIUL NAȚIONAL PEDAGOGIC ”SPIRU HARET”",49,"MUNICIPIUL BUZĂU",44818,1,PART,PRCNCT,PCJ,PCJ_SV,"2025-12-07 22:01:47",1506,1497,1,8,0,326,318,0,8,0,325,1,1700,1374,4,3,76,125,76,5,1,35
10,BUZĂU,"COLEGIUL NAȚIONAL PEDAGOGIC ”SPIRU HARET”",48,"MUNICIPIUL BUZĂU",44818,1,PART,PRCNCT,PCJ,PCJ_SV,"2025-12-07 21:40:41",1090,1081,0,9,0,291,282,0,9,0,286,5,1200,909,2,1,59,115,46,3,8,52
10,BUZĂU,"COLEGIUL NAȚIONAL PEDAGOGIC ”SPIRU HARET”",47,"MUNICIPIUL BUZĂU",44818,2,PART,PRCNCT,PCJ,PCJ_SV,"2025-12-08 02:09:43",1458,1446,3,9,0,377,368,0,9,0,370,7,1600,1223,6,4,82,151,66,12,4,45
10,BUZĂU,"COLEGIUL NAȚIONAL PEDAGOGIC ”SPIRU HARET”",50,"MUNICIPIUL BUZĂU",44818,1,PART,PRCNCT,PCJ,PCJ_SV,"2025-12-07 22:22:58",1208,1197,3,8,0,308,300,0,8,0,304,4,1300,992,2,2,64,136,55,1,11,33
10,BUZĂU,"COLEGIUL UNIVERSITAR ECONOMIC",13,"MUNICIPIUL BUZĂU",44818,1,PART,PRCNCT,PCJ,PCJ_SV,"2025-12-07 21:53:00",1527,1519,0,8,0,385,377,0,8,0,381,4,1700,1315,7,5,64,145,93,14,9,44
10,BUZĂU,"COMPLEX SPORTIV NEHOIU",104,"ORAŞ NEHOIU",47916,1,PART,PRCNCT,PCJ,PCJ_SV,"2025-12-07 21:54:08",659,649,0,6,4,234,224,0,6,4,230,4,700,466,3,2,13,125,74,3,2,8
10,BUZĂU,"GRĂDINIŢA CAŞOTA",246,GLODEANU-SILIŞTEA,46910,1,PART,PRCNCT,PCJ,PCJ_SV,"2025-12-07 21:18:48",265,261,0,4,0,60,56,0,4,0,59,1,300,240,2,2,9,25,19,2,0,0
10,BUZĂU,"GRĂDINIŢA CU PROGRAM NORMAL",125,"ORAŞ PĂTÂRLAGELE",48325,1,PART,PRCNCT,PCJ,PCJ_SV,"2025-12-07 21:37:48",341,336,0,5,0,76,71,0,5,0,76,0,400,324,1,1,4,41,26,0,0,3
10,BUZĂU,"GRĂDINIŢA CU PROGRAM NORMAL",120,"ORAŞ PĂTÂRLAGELE",48325,1,PART,PRCNCT,PCJ,PCJ_SV,"2025-12-07 22:23:56",510,506,0,4,0,135,131,0,4,0,133,2,550,415,2,1,9,81,35,1,0,4
10,BUZĂU,"GRĂDINIȚA CU PROGRAM NORMAL",242,"GLODEANU SĂRAT",46867,1,PART,PRCNCT,PCJ,PCJ_SV,"2025-12-07 21:33:12",463,457,1,5,0,125,120,0,5,0,124,1,500,375,1,1,12,46,59,0,1,4
10,BUZĂU,"GRĂDINIȚA CU PROGRAM NORMAL BRĂGĂREASA",358,SCUTELNICI,49439,1,PART,PRCNCT,PCJ,PCJ_SV,"2025-12-07 21:31:48",473,462,0,6,5,184,173,0,6,5,181,3,500,316,1,0,6,135,38,1,0,0
10,BUZĂU,"GRĂDINIȚA CU PROGRAM NORMAL BUDIȘTENI",223,COSTEŞTI,46484,1,PART,PRCNCT,PCJ,PCJ_SV,"2025-12-07 21:29:39",371,365,0,6,0,77,71,0,6,0,76,1,400,323,2,1,3,41,27,1,0,1
10,BUZĂU,"GRĂDINIŢA CU PROGRAM NORMAL CĂPĂŢÂNEŞTI",271,MĂRĂCINENI,47373,2,PART,PRCNCT,PCJ,PCJ_SV,"2025-12-07 22:58:11",1681,1674,1,6,0,416,410,0,6,0,410,6,1850,1434,6,3,30,184,160,5,6,16
10,BUZĂU,"GRĂDINIȚA CU PROGRAM NORMAL CĂPĂȚÂNEȘTI",270,MĂRĂCINENI,47373,2,PART,PRCNCT,PCJ,PCJ_SV,"2025-12-07 23:01:52",1586,1579,3,4,0,396,392,0,4,0,395,1,1750,1354,4,1,25,180,150,3,7,25
10,BUZĂU,"GRADINITA CU PROGRAM NORMAL CERNATESTI",194,CERNĂTEŞTI,46019,2,PART,PRCNCT,PCJ,PCJ_SV,"2025-12-08 00:18:56",867,853,1,5,8,214,201,0,5,8,211,3,950,736,1,1,7,150,44,2,0,6
10,BUZĂU,"GRADINITA CU PROGRAM NORMAL CHIOJDU",200,CHIOJDU,46180,1,PART,PRCNCT,PCJ,PCJ_SV,"2025-12-07 21:50:59",802,791,5,6,0,167,161,0,6,0,167,0,900,733,1,2,15,53,82,0,10,4
10,BUZĂU,"GRADINIŢĂ CU PROGRAM NORMAL COMUNA TISAU",376,TISĂU,49643,2,PART,PRCNCT,PCJ,PCJ_SV,"2025-12-08 01:36:17",584,577,2,5,0,120,115,0,5,0,116,4,650,530,0,3,9,61,37,0,1,5
10,BUZĂU,"GRADINITA CU PROGRAM NORMAL DEDULEŞTI",380,TOPLICENI,49769,1,PART,PRCNCT,PCJ,PCJ_SV,"2025-12-07 21:39:55",701,694,1,6,0,157,151,0,6,0,155,2,750,593,3,3,12,98,36,1,0,2
10,BUZĂU,"GRĂDINIŢA CU PROGRAM NORMAL DIN SATUL ŞARÎNGA",310,PIETROASELE,48487,1,PART,PRCNCT,PCJ,PCJ_SV,"2025-12-07 22:14:20",1097,1079,3,2,13,203,188,0,2,13,202,1,1200,997,3,1,6,129,49,0,4,10
10,BUZĂU,"GRADINITA CU PROGRAM NORMAL ILEANA",243,"GLODEANU SĂRAT",46867,1,PART,PRCNCT,PCJ,PCJ_SV,"2025-12-07 21:31:57",310,304,0,6,0,43,37,0,6,0,43,0,350,307,1,0,2,18,17,1,0,4
10,BUZĂU,"GRĂDINIŢA CU PROGRAM NORMAL LIMPEZIŞ",290,"MOVILA BANULUI",47774,1,PART,PRCNCT,PCJ,PCJ_SV,"2025-12-07 22:12:22",784,781,0,3,0,349,346,0,3,0,341,8,850,501,1,0,68,215,52,1,2,2
10,BUZĂU,"GRĂDINIȚA CU PROGRAM NORMAL MITROPOLIA",166,BRĂDEANU,45496,2,PART,PRCNCT,PCJ,PCJ_SV,"2025-12-08 00:09:15",324,320,0,4,0,37,33,0,4,0,37,0,350,313,1,2,1,22,10,1,0,0
10,BUZĂU,"GRĂDINIȚA CU PROGRAM NORMAL MOISICA",366,SMEENI,49545,1,PART,PRCNCT,PCJ,PCJ_SV,"2025-12-07 21:38:56",291,283,0,8,0,86,78,0,8,0,85,1,300,214,2,1,4,50,27,0,1,0
10,BUZĂU,"GRĂDINIȚA CU PROGRAM NORMAL MOVILA BANULUI",289,"MOVILA BANULUI",47774,1,PART,PRCNCT,PCJ,PCJ_SV,"2025-12-07 22:05:45",1157,1155,0,2,0,411,409,0,2,0,405,6,1300,889,3,4,19,307,66,1,2,3
10,BUZĂU,"GRĂDINIȚA CU PROGRAM NORMAL NIȘCOV",405,VERNEŞTI,50102,1,PART,PRCNCT,PCJ,PCJ_SV,"2025-12-07 22:03:59",1051,1042,1,8,0,238,230,0,8,0,233,5,1150,912,5,3,24,125,62,3,1,10
10,BUZĂU,"GRĂDINIȚA CU PROGRAM NORMAL NITRARIA BERCA",146,BERCA,45101,1,PART,PRCNCT,PCJ,PCJ_SV,"2025-12-07 22:03:26",870,868,0,1,1,178,176,0,1,1,177,1,950,772,1,1,31,76,45,1,3,19
10,BUZĂU,"GRĂDINIŢA CU PROGRAM NORMAL NR. 1 COMUNA CISLĂU",208,CISLĂU,46313,1,PART,PRCNCT,PCJ,PCJ_SV,"2025-12-07 21:35:53",1748,1745,0,2,1,315,312,0,2,1,309,6,1950,1635,6,8,48,130,105,2,3,7
10,BUZĂU,"GRADINITA CU PROGRAM NORMAL NR. 2 COMUNA PADINA",297,PADINA,48138,1,PART,PRCNCT,PCJ,PCJ_SV,"2025-12-07 21:46:56",1284,1278,1,3,2,171,166,0,3,2,169,2,1300,1129,3,1,14,81,65,0,1,4
10,BUZĂU,"GRĂDINIȚA CU PROGRAM NORMAL NR. 2 TĂBĂRĂȘTI",235,GĂLBINAŞI,46769,1,PART,PRCNCT,PCJ,PCJ_SV,"2025-12-07 21:29:23",911,904,1,6,0,181,175,0,6,0,181,0,1000,819,3,4,22,98,46,5,0,3
10,BUZĂU,"GRĂDINIŢA CU PROGRAM NORMAL ”ORIZONT”",86,"MUNICIPIUL RÂMNICU SĂRAT",44845,1,PART,PRCNCT,PCJ,PCJ_SV,"2025-12-07 21:41:41",1365,1358,0,7,0,254,247,0,7,0,249,5,1500,1246,4,1,19,138,73,2,4,8
10,BUZĂU,"GRĂDINIŢA CU PROGRAM NORMAL PIETROSU",225,COSTEŞTI,46484,1,PART,PRCNCT,PCJ,PCJ_SV,"2025-12-07 21:30:03",1037,1032,0,5,0,158,153,0,5,0,155,3,1100,942,4,3,8,114,26,0,0,0
10,BUZĂU,"GRADINITA CU PROGRAM NORMAL RĂDUCEŞTI",383,TOPLICENI,49769,1,PART,PRCNCT,PCJ,PCJ_SV,"2025-12-07 21:23:34",394,390,0,4,0,73,69,0,4,0,72,1,450,377,1,0,1,39,27,1,3,0
10,BUZĂU,"GRĂDINIȚA CU PROGRAM NORMAL RĂTEŞTI",152,BERCA,45101,2,PART,PRCNCT,PCJ,PCJ_SV,"2025-12-08 00:46:00",692,690,1,1,0,100,99,0,1,0,97,3,750,650,10,1,12,39,17,1,0,17
10,BUZĂU,"GRADINITA CU PROGRAM NORMAL RUBLA",398,"VALEA RÂMNICULUI",50022,1,PART,PRCNCT,PCJ,PCJ_SV,"2025-12-07 22:02:17",913,906,1,6,0,239,233,0,6,0,230,9,1000,761,2,3,12,159,42,0,1,11
10,BUZĂU,"GRĂDINIȚA CU PROGRAM NORMAL SĂHĂTENI",342,SĂHĂTENI,49153,2,PART,PRCNCT,PCJ,PCJ_SV,"2025-12-08 00:57:16",1283,1267,1,4,11,242,227,0,4,11,237,5,1400,1158,1,2,34,114,62,0,5,19
10,BUZĂU,"GRĂDINIŢA CU PROGRAM NORMAL SAT BALTA ALBĂ",136,"BALTA ALBĂ",44934,1,PART,PRCNCT,PCJ,PCJ_SV,"2025-12-07 21:38:18",399,395,0,4,0,130,126,0,4,0,130,0,450,320,1,5,8,79,36,0,0,1
10,BUZĂU,"GRĂDINIȚA CU PROGRAM NORMAL SAT IZVORU DULCE COMUNA MEREI",282,MEREI,47453,1,PART,PRCNCT,PCJ,PCJ_SV,"2025-12-07 21:31:00",693,691,0,2,0,146,144,0,2,0,144,2,750,604,2,3,9,86,41,0,1,2
10,BUZĂU,"GRADINITA CU PROGRAM NORMAL SAT PADURENI, COMUNA TISAU",374,TISĂU,49643,1,PART,PRCNCT,PCJ,PCJ_SV,"2025-12-07 21:29:58",395,388,1,6,0,104,98,0,6,0,100,4,450,346,2,1,12,45,35,0,0,5
10,BUZĂU,"GRĂDINIȚA CU PROGRAM NORMAL SAT PLEȘCOI",151,BERCA,45101,1,PART,PRCNCT,PCJ,PCJ_SV,"2025-12-07 21:25:08",706,703,0,3,0,140,137,0,3,0,137,3,750,610,3,5,29,55,40,1,0,4
10,BUZĂU,"GRĂDINIȚA CU PROGRAM NORMAL SAT PLEȘCOI",150,BERCA,45101,1,PART,PRCNCT,PCJ,PCJ_SV,"2025-12-07 21:32:51",797,795,0,2,0,161,159,0,2,0,160,1,900,739,0,3,45,58,39,3,2,10
10,BUZĂU,"GRADINIŢA CU PROGRAM NORMAL SAT VALEA SĂLCIILOR, COMUNA TISAU",377,TISĂU,49643,1,PART,PRCNCT,PCJ,PCJ_SV,"2025-12-07 21:26:29",537,532,0,5,0,118,113,0,5,0,114,4,600,482,2,4,15,52,39,0,0,2
10,BUZĂU,"GRĂDINIȚA CU PROGRAM NORMAL SCUTELNICI",356,SCUTELNICI,49439,1,PART,PRCNCT,PCJ,PCJ_SV,"2025-12-07 21:43:53",812,808,0,3,1,161,157,0,3,1,160,1,900,739,5,2,17,85,47,1,1,2
10,BUZĂU,"GRĂDINIȚA CU PROGRAM NORMAL SMEENI",362,SMEENI,49545,1,PART,PRCNCT,PCJ,PCJ_SV,"2025-12-07 21:44:00",1117,1089,1,7,20,313,289,0,4,20,310,3,1200,887,2,1,8,216,71,1,6,5
10,BUZĂU,"GRĂDINIȚA CU PROGRAM NORMAL STĂNCEŞTI",395,"VADU PAŞII",49956,1,PART,PRCNCT,PCJ,PCJ_SV,"2025-12-07 22:26:14",1179,1170,0,6,3,295,286,0,6,3,289,6,1300,1005,3,4,22,163,96,0,0,1
10,BUZĂU,"GRĂDINIȚA CU PROGRAM NORMAL TOPLICENI",378,TOPLICENI,49769,1,PART,PRCNCT,PCJ,PCJ_SV,"2025-12-07 21:31:06",986,984,0,2,0,232,230,0,2,0,226,6,1100,868,1,1,18,117,83,1,1,4
10,BUZĂU,"GRĂDINIȚA CU PROGRAM NORMAL UDAŢI- MÂNZU",368,SMEENI,49545,1,PART,PRCNCT,PCJ,PCJ_SV,"2025-12-07 21:29:05",712,707,1,4,0,118,114,0,4,0,118,0,800,682,2,2,5,55,46,1,2,5
10,BUZĂU,"GRĂDINIŢA CU PROGRAM NORMAL VADU PAŞII",391,"VADU PAŞII",49956,1,PART,PRCNCT,PCJ,PCJ_SV,"2025-12-07 22:11:51",1647,1642,1,4,0,541,537,0,4,0,526,15,1800,1259,10,9,37,285,155,7,6,17
10,BUZĂU,"GRĂDINIŢA CU PROGRAM PRELUNGIT ”BOBOCEII DIN MICRO III”",72,"MUNICIPIUL BUZĂU",44818,1,PART,PRCNCT,PCJ,PCJ_SV,"2025-12-07 22:08:51",1280,1269,1,10,0,343,333,0,10,0,335,8,1400,1057,6,4,77,120,68,11,16,33
10,BUZĂU,"GRĂDINIȚA CU PROGRAM PRELUNGIT LIPIA",283,MEREI,47453,1,PART,PRCNCT,PCJ,PCJ_SV,"2025-12-07 22:02:11",1589,1575,1,4,9,482,469,0,4,9,476,6,1750,1268,4,2,50,267,119,3,7,24
10,BUZĂU,"GRĂDINIŢA CU PROGRAM PRELUNGIT ”LUMEA COPILĂRIEI”",93,"MUNICIPIUL RÂMNICU SĂRAT",44845,1,PART,PRCNCT,PCJ,PCJ_SV,"2025-12-07 21:59:48",1569,1560,2,6,1,322,315,0,6,1,316,6,1700,1378,3,2,43,127,109,3,11,18
10,BUZĂU,"GRĂDINIŢA CU PROGRAM PRELUNGIT ”LUMEA COPILĂRIEI”",92,"MUNICIPIUL RÂMNICU SĂRAT",44845,1,PART,PRCNCT,PCJ,PCJ_SV,"2025-12-07 21:45:28",1519,1508,3,7,1,318,310,0,7,1,310,8,1700,1382,4,4,25,143,100,4,6,24
10,BUZĂU,"GRĂDINIŢA CU PROGRAM PRELUNGIT ”MUGURAŞII”",91,"MUNICIPIUL RÂMNICU SĂRAT",44845,1,PART,PRCNCT,PCJ,PCJ_SV,"2025-12-07 21:56:07",1304,1294,0,10,0,258,248,0,10,0,253,5,1450,1192,5,7,26,121,76,4,4,10
10,BUZĂU,"GRĂDINIŢA CU PROGRAM PRELUNGIT NR. 1",51,"MUNICIPIUL BUZĂU",44818,1,PART,PRCNCT,PCJ,PCJ_SV,"2025-12-07 23:14:10",1513,1498,5,9,1,591,581,0,9,1,581,10,1650,1059,3,5,158,215,83,3,9,105
10,BUZĂU,"GRĂDINIŢA CU PROGRAM PRELUNGIT NR.2",100,"MUNICIPIUL RÂMNICU SĂRAT",44845,1,PART,PRCNCT,PCJ,PCJ_SV,"2025-12-07 22:02:26",1364,1349,3,11,1,282,270,0,11,1,274,8,1500,1218,4,3,34,141,63,8,4,17
10,BUZĂU,"GRADINIȚA CU PROGRAM PRELUNGIT NR.4",62,"MUNICIPIUL BUZĂU",44818,1,PART,PRCNCT,PCJ,PCJ_SV,"2025-12-07 21:35:52",1194,1185,0,9,0,315,306,0,9,0,312,3,1300,985,5,2,70,114,64,2,3,52
10,BUZĂU,"GRADINIȚA CU PROGRAM PRELUNGIT NR.8",46,"MUNICIPIUL BUZĂU",44818,1,PART,PRCNCT,PCJ,PCJ_SV,"2025-12-07 21:58:20",1516,1506,3,7,0,386,379,0,7,0,377,9,1700,1314,6,5,63,179,66,5,5,48
10,BUZĂU,"GRADINIȚA CU PROGRAM PRELUNGIT NR.8",45,"MUNICIPIUL BUZĂU",44818,1,PART,PRCNCT,PCJ,PCJ_SV,"2025-12-07 21:53:52",742,732,0,10,0,209,199,0,10,0,207,2,800,591,2,1,34,94,37,3,6,30
10,BUZĂU,"GRADINIȚA CU PROGRAM PRELUNGIT NR.8",44,"MUNICIPIUL BUZĂU",44818,1,PART,PRCNCT,PCJ,PCJ_SV,"2025-12-07 22:08:09",940,931,1,8,0,252,244,0,8,0,249,3,997,745,2,3,61,80,56,2,4,41
10,BUZĂU,"GRĂDINIŢA DĂSCĂLEŞTI",320,PUIEŞTI,48842,1,PART,PRCNCT,PCJ,PCJ_SV,"2025-12-07 21:29:48",532,531,1,0,0,80,80,0,0,0,80,0,600,520,1,3,16,32,27,0,0,1
10,BUZĂU,"GRĂDINIŢA DE COPII POŞTA CÎLNĂU",314,"POŞTA CÂLNĂU",48771,1,PART,PRCNCT,PCJ,PCJ_SV,"2025-12-07 21:36:26",1023,1017,2,3,1,249,245,0,3,1,244,5,1100,851,4,2,18,125,83,3,2,7
10,BUZĂU,"GRĂDINIŢA DE COPII POŞTA CÎLNĂU",315,"POŞTA CÂLNĂU",48771,1,PART,PRCNCT,PCJ,PCJ_SV,"2025-12-07 22:02:20",973,967,1,2,3,245,240,0,2,3,242,3,1050,805,2,3,18,139,61,0,4,15
10,BUZĂU,"GRĂDINIŢA DE COPII VADU SOREŞTI",417,ZĂRNEŞTI,50415,1,PART,PRCNCT,PCJ,PCJ_SV,"2025-12-07 21:37:41",1009,1001,1,7,0,189,182,0,7,0,186,3,1100,911,2,2,39,81,58,1,0,3
10,BUZĂU,"GRĂDINIŢA DE COPII ZĂRNEŞTI",418,ZĂRNEŞTI,50415,1,PART,PRCNCT,PCJ,PCJ_SV,"2025-12-07 22:01:30",831,825,1,5,0,207,202,0,5,0,204,3,900,693,1,3,21,93,83,0,1,2
10,BUZĂU,"GRADINITA PN PIETROIU",176,BUDA,45673,1,PART,PRCNCT,PCJ,PCJ_SV,"2025-12-07 21:36:13",511,505,0,6,0,129,123,0,6,0,125,4,550,421,1,2,2,62,55,0,0,3
10,BUZĂU,"GRĂDINITA POD VINETIS - VECHE",110,"ORAŞ NEHOIU",47916,1,PART,PRCNCT,PCJ,PCJ_SV,"2025-12-07 21:44:16",515,512,0,3,0,241,238,0,3,0,238,3,550,309,1,1,5,145,74,3,0,9
10,BUZĂU,"GRĂDINIŢA PROSCA",294,NĂENI,47854,2,PART,PRCNCT,PCJ,PCJ_SV,"2025-12-07 23:38:27",162,157,0,5,0,41,36,0,5,0,40,1,200,159,0,2,3,13,17,0,3,2
10,BUZĂU,"GRĂDINIŢA SĂTUC",153,BERCA,45101,1,PART,PRCNCT,PCJ,PCJ_SV,"2025-12-07 21:41:23",547,541,0,6,0,133,127,0,6,0,131,2,600,467,3,1,17,52,39,1,0,18
10,BUZĂU,"GRUP SCOLAR TEHNIC NEHOIU STR. SCOLII",103,"ORAŞ NEHOIU",47916,1,PART,PRCNCT,PCJ,PCJ_SV,"2025-12-07 22:12:57",915,902,1,6,6,269,257,0,6,6,262,7,1000,731,2,0,53,106,65,3,3,30
10,BUZĂU,"LICEUL AGRICOL ”DR. CONSTANTIN ANGELESCU”",40,"MUNICIPIUL BUZĂU",44818,1,PART,PRCNCT,PCJ,PCJ_SV,"2025-12-07 21:58:16",1216,1204,2,10,0,331,321,0,10,0,327,4,1350,1019,7,4,79,120,62,4,12,39
10,BUZĂU,"LICEUL CU PROGRAM SPORTIV ”IOLANDA BALAŞ SÖTER”",71,"MUNICIPIUL BUZĂU",44818,1,PART,PRCNCT,PCJ,PCJ_SV,"2025-12-07 22:21:34",1001,990,0,11,0,201,190,0,11,0,201,0,1100,899,3,4,31,71,61,6,10,15
10,BUZĂU,"LICEUL CU PROGRAM SPORTIV ”IOLANDA BALAŞ SÖTER”",69,"MUNICIPIUL BUZĂU",44818,1,PART,PRCNCT,PCJ,PCJ_SV,"2025-12-07 22:20:09",798,788,0,10,0,154,144,0,10,0,152,2,850,696,1,7,15,71,38,5,1,14
10,BUZĂU,"LICEUL CU PROGRAM SPORTIV ”IOLANDA BALAŞ SÖTER”",70,"MUNICIPIUL BUZĂU",44818,1,PART,PRCNCT,PCJ,PCJ_SV,"2025-12-07 21:42:13",1182,1174,0,8,0,277,269,0,8,0,272,5,1300,1023,2,7,42,100,75,9,6,31
10,BUZĂU,"LICEUL DE ARTE ”MARGARETA STERIAN”",33,"MUNICIPIUL BUZĂU",44818,1,PART,PRCNCT,PCJ,PCJ_SV,"2025-12-07 22:42:53",1364,1355,1,8,0,328,320,0,8,0,322,6,1500,1172,2,6,76,112,69,7,7,43
10,BUZĂU,"LICEUL ECONOMIC ”ELINA MATEI BASARAB”",101,"MUNICIPIUL RÂMNICU SĂRAT",44845,2,PART,PRCNCT,PCJ,PCJ_SV,"2025-12-08 01:21:07",1328,1321,0,7,0,271,264,0,7,0,262,9,1450,1179,4,3,45,119,69,6,3,13
10,BUZĂU,"LICEUL TEHNOLOGIC „ALEXANDRU IOAN CUZA”",31,"MUNICIPIUL BUZĂU",44818,1,PART,PRCNCT,PCJ,PCJ_SV,"2025-12-07 21:41:06",791,767,0,17,7,184,168,0,10,6,180,4,850,666,4,2,23,78,46,8,2,17
10,BUZĂU,"LICEUL TEHNOLOGIC „ALEXANDRU IOAN CUZA”",32,"MUNICIPIUL BUZĂU",44818,1,PART,PRCNCT,PCJ,PCJ_SV,"2025-12-07 21:20:45",785,772,1,12,0,140,128,0,12,0,140,0,850,710,5,1,25,52,40,4,5,8
10,BUZĂU,"LICEUL TEHNOLOGIC ”DIMITRIE FILIPESCU”",38,"MUNICIPIUL BUZĂU",44818,1,PART,PRCNCT,PCJ,PCJ_SV,"2025-12-07 21:48:22",1317,1306,2,9,0,246,237,0,9,0,243,3,1450,1204,6,7,26,97,76,9,4,18
10,BUZĂU,"LICEUL TEHNOLOGIC ”DIMITRIE FILIPESCU”",39,"MUNICIPIUL BUZĂU",44818,1,PART,PRCNCT,PCJ,PCJ_SV,"2025-12-07 21:41:51",1354,1345,0,9,0,232,223,0,9,0,226,6,1500,1268,6,1,17,93,85,2,4,18
10,BUZĂU,"LICEUL TEHNOLOGIC ”GRIGORE C. MOISIL”",9,"MUNICIPIUL BUZĂU",44818,1,PART,PRCNCT,PCJ,PCJ_SV,"2025-12-07 21:52:56",1507,1500,0,7,0,338,331,0,7,0,333,5,1600,1262,5,6,77,142,71,4,9,19
10,BUZĂU,"LICEUL TEHNOLOGIC ”GRIGORE C. MOISIL”",10,"MUNICIPIUL BUZĂU",44818,3,PART,PRCNCT,PCJ,PCJ_SV,"2025-12-08 00:01:25",1325,1318,0,7,0,313,306,0,7,0,309,4,1450,1137,7,4,52,114,79,2,9,42
10,BUZĂU,"LICEUL TEHNOLOGIC ”GRIGORE C. MOISIL”",11,"MUNICIPIUL BUZĂU",44818,3,PART,PRCNCT,PCJ,PCJ_SV,"2025-12-08 01:06:40",1150,1140,1,9,0,253,244,0,9,0,248,5,1250,997,4,6,33,92,69,10,7,27
10,BUZĂU,"LICEUL TEHNOLOGIC ”GRIGORE C. MOISIL”",12,"MUNICIPIUL BUZĂU",44818,1,PART,PRCNCT,PCJ,PCJ_SV,"2025-12-07 22:46:00",1291,1281,1,9,0,250,241,0,9,0,248,2,1400,1150,6,3,50,86,65,3,3,32
10,BUZĂU,"LICEUL TEHNOLOGIC ”GRIGORE C. MOISIL”– SALĂ DE SPORT",8,"MUNICIPIUL BUZĂU",44818,1,PART,PRCNCT,PCJ,PCJ_SV,"2025-12-07 22:01:20",1054,1042,1,11,0,280,269,0,11,0,274,6,1100,820,3,3,70,100,64,3,7,24
10,BUZĂU,"LICEUL TEHNOLOGIC ”GRIGORE C. MOISIL”– SALĂ DE SPORT",7,"MUNICIPIUL BUZĂU",44818,1,PART,PRCNCT,PCJ,PCJ_SV,"2025-12-07 21:54:45",952,941,1,10,0,239,229,0,10,0,238,1,1050,811,4,1,56,81,56,4,6,30
10,BUZĂU,"LICEUL TEHNOLOGIC ”HENRI COANDĂ”",26,"MUNICIPIUL BUZĂU",44818,1,PART,PRCNCT,PCJ,PCJ_SV,"2025-12-07 21:45:24",1208,1198,2,8,0,232,224,0,8,0,231,1,1350,1118,2,4,49,81,44,6,8,37
10,BUZĂU,"LICEUL TEHNOLOGIC ”HENRI COANDĂ”",23,"MUNICIPIUL BUZĂU",44818,1,PART,PRCNCT,PCJ,PCJ_SV,"2025-12-07 22:12:35",1325,1316,0,9,0,168,159,0,9,0,165,3,1450,1282,3,2,21,51,63,6,7,12
10,BUZĂU,"LICEUL TEHNOLOGIC ”HENRI COANDĂ”",24,"MUNICIPIUL BUZĂU",44818,1,PART,PRCNCT,PCJ,PCJ_SV,"2025-12-07 21:36:01",1232,1219,0,13,0,171,158,0,13,0,166,5,1350,1179,4,2,7,67,76,2,3,5
10,BUZĂU,"LICEUL TEHNOLOGIC ”HENRI COANDĂ”",25,"MUNICIPIUL BUZĂU",44818,1,PART,PRCNCT,PCJ,PCJ_SV,"2025-12-07 21:40:33",1101,1080,0,10,11,234,213,0,10,11,229,5,1200,966,4,5,26,81,75,4,11,23
10,BUZĂU,"LICEUL TEHNOLOGIC MESERII ŞI SERVICII",77,"MUNICIPIUL BUZĂU",44818,1,PART,PRCNCT,PCJ,PCJ_SV,"2025-12-07 21:34:48",1438,1426,2,10,0,186,176,0,10,0,185,1,1600,1414,4,5,19,69,69,3,2,14
10,BUZĂU,"LICEUL TEHNOLOGIC MESERII ŞI SERVICII",76,"MUNICIPIUL BUZĂU",44818,1,PART,PRCNCT,PCJ,PCJ_SV,"2025-12-07 22:07:35",920,913,0,7,0,159,152,0,7,0,158,1,1000,841,5,3,23,54,54,1,6,12
10,BUZĂU,"LICEUL TEHNOLOGIC PĂTÂRLAGELE",118,"ORAŞ PĂTÂRLAGELE",48325,1,PART,PRCNCT,PCJ,PCJ_SV,"2025-12-07 22:12:33",877,873,0,4,0,195,191,0,4,0,194,1,950,755,4,4,21,93,61,2,2,7
10,BUZĂU,"LICEUL TEHNOLOGIC PĂTÂRLAGELE",119,"ORAŞ PĂTÂRLAGELE",48325,1,PART,PRCNCT,PCJ,PCJ_SV,"2025-12-07 22:36:34",1023,1021,2,0,0,232,232,0,0,0,231,1,1100,868,0,1,29,119,65,1,0,16
10,BUZĂU,"LICEUL TEHNOLOGIC RUȘEȚU",332,RUŞEŢU,49046,1,PART,PRCNCT,PCJ,PCJ_SV,"2025-12-07 22:17:23",917,912,1,4,0,280,276,0,4,0,271,9,1000,720,0,0,14,141,106,3,1,6
10,BUZĂU,"LICEUL TEHNOLOGIC SF.MUCENIC SAVA, BERCA",147,BERCA,45101,1,PART,PRCNCT,PCJ,PCJ_SV,"2025-12-07 21:32:22",648,642,0,6,0,142,136,0,6,0,137,5,700,558,3,0,43,48,33,2,1,7
10,BUZĂU,"LICEUL TEHNOLOGIC ”VICTOR FRUNZĂ”",87,"MUNICIPIUL RÂMNICU SĂRAT",44845,2,PART,PRCNCT,PCJ,PCJ_SV,"2025-12-08 01:25:13",1638,1621,4,11,2,280,267,0,11,2,269,11,1800,1520,3,1,16,130,95,4,3,17
10,BUZĂU,"LICEUL TEHNOLOGIC ”VICTOR FRUNZĂ”",88,"MUNICIPIUL RÂMNICU SĂRAT",44845,1,PART,PRCNCT,PCJ,PCJ_SV,"2025-12-07 22:41:47",1338,1268,0,10,60,348,281,0,10,57,337,11,1400,1052,5,4,53,175,83,2,3,12
10,BUZĂU,"LICEUL TEORETIC DE INFORMATICĂ ”ALEXANDRU MARGHILOMAN”",22,"MUNICIPIUL BUZĂU",44818,1,PART,PRCNCT,PCJ,PCJ_SV,"2025-12-07 21:57:25",1264,1254,1,9,0,301,292,0,9,0,299,2,1400,1099,5,3,45,110,68,5,28,35
10,BUZĂU,"LICEUL TEORETIC DE INFORMATICĂ ”ALEXANDRU MARGHILOMAN”",20,"MUNICIPIUL BUZĂU",44818,1,PART,PRCNCT,PCJ,PCJ_SV,"2025-12-07 21:39:17",1223,1214,0,9,0,321,312,0,9,0,317,4,1350,1029,2,2,40,97,98,5,37,36
10,BUZĂU,"LICEUL TEORETIC DE INFORMATICĂ ”ALEXANDRU MARGHILOMAN”",21,"MUNICIPIUL BUZĂU",44818,1,PART,PRCNCT,PCJ,PCJ_SV,"2025-12-07 21:45:40",1215,1208,0,7,0,228,221,0,7,0,221,7,1350,1122,1,7,38,76,63,4,5,27
10,BUZĂU,"LICEUL TEORETIC POGOANELE",128,"ORAŞ POGOANELE",48744,1,PART,PRCNCT,PCJ,PCJ_SV,"2025-12-07 21:58:34",1429,1376,1,4,48,381,329,0,4,48,371,10,1550,1169,3,3,18,244,89,3,1,10
10,BUZĂU,"LICEUL TEORETIC ”ŞTEFAN CEL MARE”",95,"MUNICIPIUL RÂMNICU SĂRAT",44845,1,PART,PRCNCT,PCJ,PCJ_SV,"2025-12-07 21:41:38",1188,1178,1,9,0,266,257,0,9,0,259,7,1300,1034,1,2,55,113,70,2,4,12
10,BUZĂU,"PRIMARIA COMUNEI BĂLĂCEANU",139,BĂLĂCEANU,44989,1,PART,PRCNCT,PCJ,PCJ_SV,"2025-12-07 23:25:51",1185,1138,0,2,45,358,311,0,2,45,355,3,1300,942,6,4,6,222,108,3,0,6
10,BUZĂU,"PRIMARIA LARGU",258,LARGU,47159,1,PART,PRCNCT,PCJ,PCJ_SV,"2025-12-07 21:45:30",1153,1117,1,5,30,477,444,0,5,28,471,6,1250,773,6,1,8,394,56,1,3,2
10,BUZĂU,"PRIMARIA MĂRGĂRITEŞTI",273,MĂRGĂRITEŞTI,47417,1,PART,PRCNCT,PCJ,PCJ_SV,"2025-12-07 21:57:37",430,388,0,5,37,211,172,0,5,34,205,6,450,239,1,3,12,175,14,0,0,0
10,BUZĂU,"PRIMĂRIA RACOVIŢENI",324,RACOVIŢENI,48922,1,PART,PRCNCT,PCJ,PCJ_SV,"2025-12-07 21:58:41",950,947,1,2,0,307,305,0,2,0,299,8,1050,743,1,11,35,193,56,0,0,3
10,BUZĂU,"PRIMARIA STILPU",370,STÂLPU,49625,1,PART,PRCNCT,PCJ,PCJ_SV,"2025-12-07 22:00:37",1165,1163,1,1,0,252,251,0,1,0,244,8,1300,1048,0,0,11,157,50,1,6,19
10,BUZĂU,"SALA DE FESTIVITATI A PRIMARIEI BISOCA",155,BISOCA,45245,1,PART,PRCNCT,PCJ,PCJ_SV,"2025-12-07 21:39:38",425,420,1,4,0,118,114,0,4,0,117,1,450,332,4,1,6,78,25,1,1,1
10,BUZĂU,"SALA DE FESTIVITĂŢI A PRIMĂRIEI COMUNEI VADU PAŞII",390,"VADU PAŞII",49956,1,PART,PRCNCT,PCJ,PCJ_SV,"2025-12-07 22:09:03",1852,1844,0,3,5,708,700,0,3,5,696,12,2050,1342,5,7,54,394,200,5,2,29
10,BUZĂU,"SALA DE ŞEDINŢE PRIMĂRIA ZIDURI",419,ZIDURI,50479,1,PART,PRCNCT,PCJ,PCJ_SV,"2025-12-07 21:27:03",810,810,0,0,0,140,140,0,0,0,139,1,900,760,15,5,20,50,47,0,0,2
10,BUZĂU,"SALA DE SPORT SĂRATA MONTEORU",286,MEREI,47453,1,PART,PRCNCT,PCJ,PCJ_SV,"2025-12-07 21:50:55",691,684,0,7,0,170,163,0,7,0,167,3,750,580,1,1,27,84,38,1,2,13
10,BUZĂU,"SCOALA BANIŢA",338,SĂGEATA,49073,1,PART,PRCNCT,PCJ,PCJ_SV,"2025-12-07 21:26:44",206,199,0,4,3,66,59,0,4,3,65,1,250,184,2,0,1,38,24,0,0,0
10,BUZĂU,"ŞCOALA BEILIC",339,SĂGEATA,49073,1,PART,PRCNCT,PCJ,PCJ_SV,"2025-12-07 21:36:52",287,277,0,6,4,130,120,0,6,4,130,0,300,170,1,3,6,86,34,0,0,0
10,BUZĂU,"ŞCOALA CARAGELE",265,LUCIU,47300,1,PART,PRCNCT,PCJ,PCJ_SV,"2025-12-07 21:59:54",629,623,0,6,0,162,156,0,6,0,158,4,700,538,1,1,11,110,33,0,2,0
10,BUZĂU,"SCOALA CIOCÂRLIA",393,"VADU PAŞII",49956,2,PART,PRCNCT,PCJ,PCJ_SV,"2025-12-07 23:21:19",572,566,1,5,0,170,165,0,5,0,170,0,600,430,2,4,14,85,60,1,1,3
10,BUZĂU,"ŞCOALA CÎRLIGU MARE",247,GLODEANU-SILIŞTEA,46910,1,PART,PRCNCT,PCJ,PCJ_SV,"2025-12-07 21:34:21",295,289,1,5,0,63,58,0,5,0,62,1,350,287,1,0,4,41,13,0,1,2
10,BUZĂU,"ŞCOALA CLS.I-VIII VINTILEANCA",345,SĂHĂTENI,49153,1,PART,PRCNCT,PCJ,PCJ_SV,"2025-12-07 22:46:41",641,628,2,5,6,172,161,0,5,6,169,3,700,528,3,1,8,78,64,3,1,11
10,BUZĂU,"ŞCOALA COZIENI",227,COZIENI,46554,1,PART,PRCNCT,PCJ,PCJ_SV,"2025-12-07 21:28:20",454,448,0,6,0,106,100,0,6,0,100,6,500,394,1,3,25,34,33,0,2,2
10,BUZĂU,"ŞCOALA CU CLASELE I-IV GHERASENI",237,GHERĂSENI,46803,1,PART,PRCNCT,PCJ,PCJ_SV,"2025-12-07 21:55:28",773,770,0,3,0,234,231,0,3,0,234,0,850,616,9,2,24,123,67,0,0,9
10,BUZĂU,"SCOALA CU CLASELE I-IV PRUND",114,"ORAŞ NEHOIU",47916,1,PART,PRCNCT,PCJ,PCJ_SV,"2025-12-07 21:47:53",379,374,0,5,0,113,108,0,5,0,112,1,400,287,3,0,11,48,43,1,2,4
10,BUZĂU,"ŞCOALA CU CLS.I-IV GĂGENI",343,SĂHĂTENI,49153,1,PART,PRCNCT,PCJ,PCJ_SV,"2025-12-07 21:42:36",364,361,0,3,0,68,65,0,3,0,68,0,400,332,1,1,10,22,32,0,0,2
10,BUZĂU,"ŞCOALA CU CLS.I-IV ISTRIŢA DE JOS",344,SĂHĂTENI,49153,1,PART,PRCNCT,PCJ,PCJ_SV,"2025-12-07 21:51:55",250,243,0,7,0,53,46,0,7,0,51,2,300,247,1,1,8,20,18,0,3,0
10,BUZĂU,"ŞCOALA CU CLS.I-IV SLOBOZIA",191,CĂTINA,45959,1,PART,PRCNCT,PCJ,PCJ_SV,"2025-12-07 21:31:16",167,159,0,8,0,48,40,0,8,0,48,0,200,152,1,1,2,21,22,0,0,1
10,BUZĂU,"ŞCOALA CU CLS.I-IV SUDITI",238,GHERĂSENI,46803,1,PART,PRCNCT,PCJ,PCJ_SV,"2025-12-07 21:37:53",399,396,0,3,0,73,70,0,3,0,72,1,450,377,2,1,4,44,14,0,0,7
10,BUZĂU,"ȘCOALA DÂLMA",352,SCORŢOASA,49313,1,PART,PRCNCT,PCJ,PCJ_SV,"2025-12-07 21:27:20",122,112,0,10,0,43,33,0,10,0,43,0,150,107,1,1,1,36,3,0,0,1
10,BUZĂU,"SCOALA FOCŞĂNEI",392,"VADU PAŞII",49956,1,PART,PRCNCT,PCJ,PCJ_SV,"2025-12-07 22:26:41",1534,1525,0,4,5,394,385,0,4,5,385,9,1700,1306,2,4,43,194,110,7,3,22
10,BUZĂU,"ŞCOALA GĂVĂNEŞTI",341,SĂGEATA,49073,1,PART,PRCNCT,PCJ,PCJ_SV,"2025-12-07 21:41:28",752,732,0,4,16,224,204,0,4,16,222,2,800,576,4,2,5,139,66,1,3,2
10,BUZĂU,"ŞCOALA GENERALĂ",122,"ORAŞ PĂTÂRLAGELE",48325,1,PART,PRCNCT,PCJ,PCJ_SV,"2025-12-07 22:01:51",566,557,1,8,0,136,128,0,8,0,134,2,600,464,1,1,8,70,52,0,0,2
10,BUZĂU,"ŞCOALA GENERALĂ BĂDILA",306,PÂRSCOV,48557,2,PART,PRCNCT,PCJ,PCJ_SV,"2025-12-07 23:51:51",636,632,0,4,0,98,94,0,4,0,97,1,700,602,1,2,6,35,46,1,0,6
10,BUZĂU,"ŞCOALA GENERALĂ CĂLDĂRĂŞTI",131,"ORAŞ POGOANELE",48744,2,PART,PRCNCT,PCJ,PCJ_SV,"2025-12-08 02:13:29",1412,1384,0,3,25,494,466,0,3,25,484,10,1550,1056,3,3,9,332,129,0,5,3
10,BUZĂU,"SCOALA GENERALA DIN POTIRNICHESTI",316,"POŞTA CÂLNĂU",48771,1,PART,PRCNCT,PCJ,PCJ_SV,"2025-12-07 21:31:45",430,420,3,7,0,90,83,0,7,0,89,1,500,410,5,2,11,36,31,1,0,3
10,BUZĂU,"ŞCOALA GENERALĂ GRECEANCA",172,BREAZA,45619,1,PART,PRCNCT,PCJ,PCJ_SV,"2025-12-07 21:46:13",760,728,1,4,27,174,143,0,4,27,168,6,800,626,6,1,4,115,33,0,1,8
10,BUZĂU,"SCOALA GENERALA MARACINENI",268,MĂRĂCINENI,47373,2,PART,PRCNCT,PCJ,PCJ_SV,"2025-12-07 23:18:00",1491,1488,0,3,0,351,348,0,3,0,347,4,1650,1299,6,3,45,169,94,5,4,21
10,BUZĂU,"ŞCOALA GENERALĂ MĂRĂCINENI",269,MĂRĂCINENI,47373,2,PART,PRCNCT,PCJ,PCJ_SV,"2025-12-08 00:02:43",1270,1267,0,3,0,334,331,0,3,0,330,4,1284,950,3,6,48,118,121,4,3,27
10,BUZĂU,"ŞCOALA GENERALĂ NR.2 POGOANELE",130,"ORAŞ POGOANELE",48744,1,PART,PRCNCT,PCJ,PCJ_SV,"2025-12-07 22:00:57",1349,1329,1,4,15,273,253,1,4,15,268,5,1500,1227,0,2,15,144,100,1,1,5
10,BUZĂU,"ŞCOALA GENERALĂ PLEŞI",156,BISOCA,45245,1,PART,PRCNCT,PCJ,PCJ_SV,"2025-12-07 21:41:12",311,308,0,3,0,77,74,0,3,0,75,2,350,273,0,1,3,62,8,1,0,0
10,BUZĂU,"ŞCOALA GENERALĂ POTOCENI",272,MĂRĂCINENI,47373,2,PART,PRCNCT,PCJ,PCJ_SV,"2025-12-08 01:45:26",1835,1829,1,5,0,473,468,0,5,0,467,6,2000,1527,2,4,58,197,159,8,7,32
10,BUZĂU,"SCOALA GENERALA PRUNENI",416,ZĂRNEŞTI,50415,1,PART,PRCNCT,PCJ,PCJ_SV,"2025-12-07 21:23:40",285,276,1,8,0,64,56,0,8,0,64,0,300,236,1,1,3,41,14,1,0,3
10,BUZĂU,"ŞCOALA GENERALĂ ROBEŞTI",308,PÂRSCOV,48557,1,PART,PRCNCT,PCJ,PCJ_SV,"2025-12-07 21:31:57",485,471,0,10,4,91,77,0,10,4,88,3,550,459,0,0,13,49,18,1,0,7
10,BUZĂU,"ŞCOALA GENERALĂ SĂRILE",158,BISOCA,45245,1,PART,PRCNCT,PCJ,PCJ_SV,"2025-12-07 21:45:50",366,360,0,6,0,85,79,0,6,0,85,0,400,315,1,1,2,44,37,0,0,0
10,BUZĂU,"ŞCOALA GENERALĂ, SATUL SUDIŢI",317,"POŞTA CÂLNĂU",48771,2,PART,PRCNCT,PCJ,PCJ_SV,"2025-12-07 23:31:13",1448,1445,0,3,0,244,241,0,3,0,241,3,1600,1356,8,1,17,122,86,0,0,7
10,BUZĂU,"ŞCOALA GENERALĂ ZILIŞTEANCA",318,"POŞTA CÂLNĂU",48771,1,PART,PRCNCT,PCJ,PCJ_SV,"2025-12-07 21:30:26",1069,1061,1,5,2,206,199,0,5,2,204,2,1200,994,1,1,31,93,59,5,6,8
10,BUZĂU,"ŞCOALĂ GIMNAZIALĂ",121,"ORAŞ PĂTÂRLAGELE",48325,1,PART,PRCNCT,PCJ,PCJ_SV,"2025-12-07 21:54:02",1155,1149,1,5,0,223,218,0,5,0,218,5,1250,1027,1,4,25,102,80,0,0,6
10,BUZĂU,"ŞCOALA GIMNAZIALĂ ALBEŞTI",364,SMEENI,49545,1,PART,PRCNCT,PCJ,PCJ_SV,"2025-12-07 21:39:00",665,661,0,4,0,176,172,0,4,0,174,2,700,524,1,2,9,122,40,0,0,0
10,BUZĂU,"ȘCOALA GIMNAZIALĂ ALUNIȘ",219,COLŢI,46439,1,PART,PRCNCT,PCJ,PCJ_SV,"2025-12-07 21:18:29",109,104,0,5,0,51,46,0,5,0,51,0,150,99,0,1,0,30,19,0,0,1
10,BUZĂU,"ŞCOALA GIMNAZIALA BĂBENI ”ION ARISTOTEL”",379,TOPLICENI,49769,1,PART,PRCNCT,PCJ,PCJ_SV,"2025-12-07 21:53:24",805,789,1,15,0,169,154,0,15,0,166,3,850,681,2,0,7,104,48,0,1,4
10,BUZĂU,"ŞCOALA GIMNAZIALA BISCA-CHIOJDULUI",201,CHIOJDU,46180,3,PART,PRCNCT,PCJ,PCJ_SV,"2025-12-08 02:17:38",867,866,0,1,0,127,126,0,1,0,125,2,950,823,1,1,21,38,60,0,4,0
10,BUZĂU,"SCOALA GIMNAZIALA BÎSCENII DE SUS",180,CALVINI,45753,1,PART,PRCNCT,PCJ,PCJ_SV,"2025-12-07 22:22:09",753,724,0,3,26,258,229,0,3,26,255,3,800,542,1,2,7,172,67,0,0,6
10,BUZĂU,"ȘCOALA GIMNAZIALĂ BOBOC",214,COCHIRLEANCA,46377,1,PART,PRCNCT,PCJ,PCJ_SV,"2025-12-07 21:29:12",1314,1310,0,4,0,194,190,0,4,0,191,3,1400,1206,1,1,26,79,75,1,2,6
10,BUZĂU,"ȘCOALA GIMNAZIALĂ BOLDU",162,BOLDU,45361,1,PART,PRCNCT,PCJ,PCJ_SV,"2025-12-07 21:55:22",779,754,1,3,21,253,229,0,3,21,247,6,850,597,1,8,5,188,35,0,2,8
10,BUZĂU,"ŞCOALA GIMNAZIALĂ BOZIORU",163,BOZIORU,45389,1,PART,PRCNCT,PCJ,PCJ_SV,"2025-12-07 21:45:47",451,437,1,4,9,187,174,0,4,9,185,2,500,313,0,1,15,136,27,1,1,4
10,BUZĂU,"ȘCOALA GIMNAZIALĂ BRĂTILEȘTI",169,BRĂEŞTI,45539,1,PART,PRCNCT,PCJ,PCJ_SV,"2025-12-07 21:37:52",970,965,0,4,1,231,226,0,4,1,230,1,1050,819,2,2,15,157,51,0,1,2
10,BUZĂU,"ȘCOALA GIMNAZIALĂ ”CAPITAN AVIATOR MIRCEA T. BĂDULESCU”",60,"MUNICIPIUL BUZĂU",44818,1,PART,PRCNCT,PCJ,PCJ_SV,"2025-12-07 21:35:15",1191,1179,4,8,0,267,259,0,8,0,264,3,1300,1033,3,5,63,105,44,5,13,26
10,BUZĂU,"ȘCOALA GIMNAZIALĂ ”CAPITAN AVIATOR MIRCEA T. BĂDULESCU”",61,"MUNICIPIUL BUZĂU",44818,1,PART,PRCNCT,PCJ,PCJ_SV,"2025-12-07 22:31:28",1088,1080,1,7,0,316,309,0,7,0,309,7,1200,884,6,3,76,125,57,4,9,29
10,BUZĂU,"ȘCOALA GIMNAZIALĂ ”CĂPITAN AVIATOR MIRCEA T. BĂDULESCU”",59,"MUNICIPIUL BUZĂU",44818,1,PART,PRCNCT,PCJ,PCJ_SV,"2025-12-07 22:03:41",1305,1293,4,8,0,386,378,0,8,0,380,6,1400,1014,8,4,83,159,73,8,5,40
10,BUZĂU,"ȘCOALA GIMNAZIALĂ ”CĂPITAN AVIATOR MIRCEA T. BĂDULESCU”",58,"MUNICIPIUL BUZĂU",44818,1,PART,PRCNCT,PCJ,PCJ_SV,"2025-12-07 21:53:23",1247,1236,1,10,0,379,369,0,10,0,374,5,1400,1021,7,4,83,171,54,2,11,42
10,BUZĂU,"ȘCOALA GIMNAZIALĂ C.A. ROSETTI",181,"C.A. ROSETTI",45815,1,PART,PRCNCT,PCJ,PCJ_SV,"2025-12-07 21:28:05",625,622,0,3,0,96,93,0,3,0,95,1,700,604,1,4,18,48,21,0,1,2
10,BUZĂU,"ŞCOALA GIMNAZIALĂ CIUTA",267,MĂGURA,47337,1,PART,PRCNCT,PCJ,PCJ_SV,"2025-12-07 21:42:28",676,670,0,6,0,269,263,0,6,0,265,4,750,481,2,4,9,195,47,1,0,7
10,BUZĂU,"SCOALA GIMNAZIALA COCHIRLEANCA NR.1",212,COCHIRLEANCA,46377,2,PART,PRCNCT,PCJ,PCJ_SV,"2025-12-07 23:56:31",1202,1200,0,2,0,257,255,0,2,0,255,2,1300,1043,1,6,3,110,131,0,0,4
10,BUZĂU,"SCOALA GIMNAZIALA COCHIRLEANCA NR.2",213,COCHIRLEANCA,46377,1,PART,PRCNCT,PCJ,PCJ_SV,"2025-12-07 21:33:36",790,788,0,2,0,195,193,0,2,0,192,3,900,705,0,2,11,93,84,0,2,0
10,BUZĂU,"ȘCOALA GIMNAZIALĂ COLȚI",218,COLŢI,46439,1,PART,PRCNCT,PCJ,PCJ_SV,"2025-12-07 21:42:48",324,321,0,3,0,107,104,0,3,0,104,3,400,293,0,1,8,62,29,0,0,4
10,BUZĂU,"ŞCOALA GIMNAZIALĂ COLȚII DE JOS",220,COLŢI,46439,1,PART,PRCNCT,PCJ,PCJ_SV,"2025-12-07 21:36:22",215,211,0,4,0,67,63,0,4,0,65,2,250,183,0,0,7,39,16,1,0,2
10,BUZĂU,"ȘCOALA GIMNAZIALĂ COMUNA BRĂDEANU",165,BRĂDEANU,45496,1,PART,PRCNCT,PCJ,PCJ_SV,"2025-12-07 21:35:39",849,847,0,2,0,120,118,0,2,0,116,4,950,830,2,2,7,54,36,0,2,13
10,BUZĂU,"ŞCOALA GIMNAZIALĂ COMUNA BRĂEŞTI",168,BRĂEŞTI,45539,1,PART,PRCNCT,PCJ,PCJ_SV,"2025-12-07 21:36:37",347,334,0,5,8,123,110,0,5,8,119,4,400,277,0,2,2,90,23,0,0,2
10,BUZĂU,"ȘCOALA GIMNAZIALĂ COMUNA BUDA",174,BUDA,45673,2,PART,PRCNCT,PCJ,PCJ_SV,"2025-12-08 02:00:46",794,791,0,3,0,188,185,0,3,0,185,3,850,662,1,0,11,100,65,2,1,5
10,BUZĂU,"ŞCOALA GIMNAZIALĂ ”CONSTANTIN POPESCU” FUNDENI",415,ZĂRNEŞTI,50415,1,PART,PRCNCT,PCJ,PCJ_SV,"2025-12-07 21:45:40",1839,1832,2,5,0,397,392,0,5,0,386,11,2000,1603,2,6,39,215,114,1,2,7
10,BUZĂU,"ȘCOALA GIMNAZIALĂ COSTEȘTI",222,COSTEŞTI,46484,1,PART,PRCNCT,PCJ,PCJ_SV,"2025-12-07 21:33:16",1323,1306,2,5,10,308,293,0,5,10,307,1,1450,1142,7,2,19,180,82,1,3,13
10,BUZĂU,"ŞCOALA GIMNAZIALĂ COȚATCU",312,PODGORIA,48682,1,PART,PRCNCT,PCJ,PCJ_SV,"2025-12-07 21:50:42",934,931,0,3,0,164,161,0,3,0,160,4,1050,886,0,1,7,95,51,0,0,6
10,BUZĂU,"ȘCOALA GIMNAZIALĂ DR. ILIE PAVEL",82,"MUNICIPIUL RÂMNICU SĂRAT",44845,1,PART,PRCNCT,PCJ,PCJ_SV,"2025-12-07 22:25:52",1850,1838,0,11,1,298,287,0,10,1,281,17,2000,1702,2,3,3,180,90,1,2,0
10,BUZĂU,"SCOALA GIMNAZIALA ”DUMITRU I. IONESCU” CALVINI",178,CALVINI,45753,2,PART,PRCNCT,PCJ,PCJ_SV,"2025-12-08 02:35:17",1527,1480,0,5,42,421,379,0,5,37,403,18,1700,1279,2,3,4,322,70,1,1,0
10,BUZĂU,"ŞCOALA GIMNAZIALĂ ”DUMITRU N. CRISTEA” BEŞLII",275,MÂNZĂLEŞTI,47630,2,PART,PRCNCT,PCJ,PCJ_SV,"2025-12-08 00:51:56",378,369,1,3,5,119,111,0,3,5,119,0,450,331,1,1,13,68,32,0,0,4
10,BUZĂU,"ŞCOALA GIMNAZIALĂ ”EPISCOP DIONISIE ROMANO”",2,"MUNICIPIUL BUZĂU",44818,2,PART,PRCNCT,PCJ,PCJ_SV,"2025-12-07 23:43:26",1350,1338,1,11,0,361,350,0,11,0,359,2,1500,1139,5,1,106,125,58,3,8,53
10,BUZĂU,"ȘCOALA GIMNAZIALĂ ”EPISCOP DIONISIE ROMANO”",1,"MUNICIPIUL BUZĂU",44818,1,PART,PRCNCT,PCJ,PCJ_SV,"2025-12-07 21:48:37",1489,1478,1,10,0,432,422,0,10,0,421,11,1605,1173,5,3,78,183,93,3,18,38
10,BUZĂU,"ŞCOALA GIMNAZIALA FLORICA",231,FLORICA,50564,1,PART,PRCNCT,PCJ,PCJ_SV,"2025-12-07 21:52:28",979,957,0,3,19,343,321,0,3,19,338,5,1050,707,5,1,8,263,56,1,0,4
10,BUZĂU,"ŞCOALA GIMNAZIALĂ GĂLBINAŞI",232,GĂLBINAŞI,46769,1,PART,PRCNCT,PCJ,PCJ_SV,"2025-12-07 21:43:13",1124,1120,1,3,0,206,203,0,3,0,202,4,1250,1044,1,1,21,95,67,2,2,13
10,BUZĂU,"ŞCOALA GIMNAZIALĂ ”GENERAL GRIGORE BAŞTAN”",17,"MUNICIPIUL BUZĂU",44818,1,PART,PRCNCT,PCJ,PCJ_SV,"2025-12-07 21:36:23",1082,1074,0,8,0,248,240,0,8,0,244,4,1200,952,2,5,51,77,65,3,12,29
10,BUZĂU,"ŞCOALA GIMNAZIALĂ ”GENERAL GRIGORE BAŞTAN”",18,"MUNICIPIUL BUZĂU",44818,1,PART,PRCNCT,PCJ,PCJ_SV,"2025-12-07 21:55:50",1135,1126,1,8,0,238,230,0,8,0,237,1,1250,1012,3,6,48,73,74,2,6,25
10,BUZĂU,"ŞCOALA GIMNAZIALĂ ”GENERAL GRIGORE BAŞTAN”",16,"MUNICIPIUL BUZĂU",44818,1,PART,PRCNCT,PCJ,PCJ_SV,"2025-12-07 21:57:38",1002,992,1,9,0,219,210,0,9,0,217,2,1100,881,3,4,48,89,53,1,1,18
10,BUZĂU,"ŞCOALA GIMNAZIALĂ ”GENERAL GRIGORE BAŞTAN”",19,"MUNICIPIUL BUZĂU",44818,1,PART,PRCNCT,PCJ,PCJ_SV,"2025-12-07 21:57:31",1120,1111,0,9,0,255,246,0,9,0,252,3,1250,995,7,3,38,75,89,7,5,28
10,BUZĂU,"ŞCOALA GIMNAZIALĂ ”GENERAL ȘTEFAN GUȘĂ” SPĂTARU",226,COSTEŞTI,46484,2,PART,PRCNCT,PCJ,PCJ_SV,"2025-12-07 22:49:01",1212,1208,2,2,0,265,263,0,2,0,262,3,1300,1035,3,1,27,113,58,2,5,53
10,BUZĂU,"ȘCOALA GIMNAZIALĂ ”GEORGE EMIL PALADE”",55,"MUNICIPIUL BUZĂU",44818,1,PART,PRCNCT,PCJ,PCJ_SV,"2025-12-07 22:49:19",1371,1361,1,9,0,364,355,0,9,0,361,3,1500,1136,10,6,82,142,63,5,9,44
10,BUZĂU,"ȘCOALA GIMNAZIALĂ ”GEORGE EMIL PALADE”",53,"MUNICIPIUL BUZĂU",44818,1,PART,PRCNCT,PCJ,PCJ_SV,"2025-12-07 22:43:45",1348,1339,0,9,0,372,363,0,9,0,362,10,1500,1128,8,4,78,152,63,5,4,48
10,BUZĂU,"ȘCOALA GIMNAZIALĂ ”GEORGE EMIL PALADE”",54,"MUNICIPIUL BUZĂU",44818,2,PART,PRCNCT,PCJ,PCJ_SV,"2025-12-07 23:38:07",1079,1057,16,6,0,262,256,0,6,0,256,6,1200,938,2,2,48,84,63,6,4,47
10,BUZĂU,"ȘCOALA GIMNAZIALĂ ”GEORGE EMIL PALADE”",56,"MUNICIPIUL BUZĂU",44818,1,PART,PRCNCT,PCJ,PCJ_SV,"2025-12-07 22:30:26",1072,1063,1,8,0,243,235,0,8,0,241,2,1200,957,2,2,52,113,37,6,5,24
10,BUZĂU,"ȘCOALA GIMNAZIALĂ ”GEORGE EMIL PALADE”",52,"MUNICIPIUL BUZĂU",44818,1,PART,PRCNCT,PCJ,PCJ_SV,"2025-12-07 21:49:38",1225,1216,3,6,0,342,336,0,6,0,337,5,1300,958,4,3,83,133,59,15,7,33
10,BUZĂU,"ŞCOALA GIMNAZIALA GHERGHEASA",239,GHERGHEASA,46830,1,PART,PRCNCT,PCJ,PCJ_SV,"2025-12-07 22:06:20",933,880,0,5,48,278,226,0,5,47,278,0,1000,722,2,7,4,226,39,0,0,0
10,BUZĂU,"SCOALA GIMNAZIALA GLODEANU SARAT",241,"GLODEANU SĂRAT",46867,1,PART,PRCNCT,PCJ,PCJ_SV,"2025-12-07 21:44:32",1559,1556,0,3,0,190,187,0,3,0,187,3,1700,1510,5,1,21,40,92,1,2,25
10,BUZĂU,"ȘCOALA GIMNAZIALĂ GLODEANU-SILIȘTEA",245,GLODEANU-SILIŞTEA,46910,1,PART,PRCNCT,PCJ,PCJ_SV,"2025-12-07 21:58:55",932,923,0,6,3,261,252,0,6,3,252,9,1000,739,1,2,9,167,69,2,0,2
10,BUZĂU,"ŞCOALA GIMNAZIALĂ GREBĂNU",250,GREBĂNU,47006,1,PART,PRCNCT,PCJ,PCJ_SV,"2025-12-07 21:27:52",1840,1823,1,5,11,292,276,0,5,11,284,8,2000,1708,3,2,12,170,95,1,0,1
10,BUZĂU,"ŞCOALA GIMNAZIALĂ GURA BĂDICULUI",276,MÂNZĂLEŞTI,47630,1,PART,PRCNCT,PCJ,PCJ_SV,"2025-12-07 21:27:33",342,335,1,6,0,113,107,0,6,0,112,1,400,287,2,1,10,72,26,0,0,1
10,BUZĂU,"ŞCOALA GIMNAZIALĂ GURA DIMIENII",142,BECENI,45003,1,PART,PRCNCT,PCJ,PCJ_SV,"2025-12-07 22:01:02",743,714,0,8,21,196,167,0,8,21,195,1,800,604,3,1,17,101,67,0,1,5
10,BUZĂU,"SCOALA GIMNAZIALA ING. OPRISAN IARCA UNGURIU",388,UNGURIU,50549,1,PART,PRCNCT,PCJ,PCJ_SV,"2025-12-07 21:38:23",949,924,0,0,25,177,152,0,0,25,172,5,1000,823,3,1,20,93,39,3,1,12
10,BUZĂU,"SCOALA GIMNAZIALA ING. OPRISAN IARCA UNGURIU",389,UNGURIU,50549,1,PART,PRCNCT,PCJ,PCJ_SV,"2025-12-07 21:55:49",941,938,0,3,0,170,167,0,3,0,165,5,1000,830,4,4,19,78,47,0,2,11
10,BUZĂU,"ŞCOALA GIMNAZIALĂ ”ION CREANGĂ”",30,"MUNICIPIUL BUZĂU",44818,1,PART,PRCNCT,PCJ,PCJ_SV,"2025-12-07 21:55:45",1257,1247,2,8,0,285,277,0,8,0,284,1,1400,1115,3,6,48,118,61,2,14,32
10,BUZĂU,"ŞCOALA GIMNAZIALĂ ”ION CREANGĂ”",29,"MUNICIPIUL BUZĂU",44818,1,PART,PRCNCT,PCJ,PCJ_SV,"2025-12-07 21:41:16",1479,1470,1,8,0,292,284,0,8,0,288,4,1600,1308,2,3,63,115,72,5,4,24
10,BUZĂU,"ŞCOALA GIMNAZIALĂ ”ION CREANGĂ”",28,"MUNICIPIUL BUZĂU",44818,2,PART,PRCNCT,PCJ,PCJ_SV,"2025-12-07 23:46:54",1268,1257,0,11,0,308,297,0,11,0,307,1,1400,1092,10,3,35,144,71,6,8,30
10,BUZĂU,"ŞCOALA GIMNAZIALĂ ”ION CREANGĂ”",27,"MUNICIPIUL BUZĂU",44818,1,PART,PRCNCT,PCJ,PCJ_SV,"2025-12-07 22:11:57",1427,1417,0,10,0,280,270,0,10,0,278,2,1600,1320,3,8,45,102,83,4,10,23
10,BUZĂU,"ȘCOALA GIMNAZIALĂ LUNCA",185,"C.A. ROSETTI",45815,1,PART,PRCNCT,PCJ,PCJ_SV,"2025-12-07 21:29:45",750,747,0,3,0,119,116,0,3,0,119,0,800,681,1,1,6,51,58,0,1,1
10,BUZĂU,"ȘCOALA GIMNAZIALĂ MĂGURA",266,MĂGURA,47337,1,PART,PRCNCT,PCJ,PCJ_SV,"2025-12-07 21:40:15",1048,1042,0,6,0,333,327,0,6,0,329,4,1150,817,1,8,22,234,53,0,0,11
10,BUZĂU,"ȘCOALA GIMNAZIALĂ MĂTESTI",347,SĂPOCA,49206,1,PART,PRCNCT,PCJ,PCJ_SV,"2025-12-07 21:52:00",1434,1421,1,2,10,377,365,0,2,10,369,8,1600,1223,5,4,32,207,101,4,3,13
10,BUZĂU,"ŞCOALA GIMNAZIALĂ MEREI",279,MEREI,47453,1,PART,PRCNCT,PCJ,PCJ_SV,"2025-12-07 21:59:56",942,935,1,6,0,204,198,0,6,0,200,4,1050,846,1,2,14,102,64,1,9,7
10,BUZĂU,"ȘCOALA GIMNAZIALA ”MIHAI L KOGĂLNICEANU”",79,"MUNICIPIUL BUZĂU",44818,1,PART,PRCNCT,PCJ,PCJ_SV,"2025-12-07 22:02:00",1645,1627,12,6,0,262,256,0,6,0,248,14,1800,1538,4,3,18,102,109,2,6,4
10,BUZĂU,"ȘCOALA GIMNAZIALA ”MIHAI L KOGĂLNICEANU”",78,"MUNICIPIUL BUZĂU",44818,1,PART,PRCNCT,PCJ,PCJ_SV,"2025-12-07 21:54:30",1532,1521,0,11,0,248,237,0,11,0,246,2,1700,1452,6,3,36,78,97,2,8,16
10,BUZĂU,"ȘCOALA GIMNAZIALA ”MIHAI L KOGĂLNICEANU”",80,"MUNICIPIUL BUZĂU",44818,1,PART,PRCNCT,PCJ,PCJ_SV,"2025-12-07 21:48:05",1644,1636,0,8,0,349,341,0,8,0,325,24,1800,1451,5,1,10,187,102,4,5,11
10,BUZĂU,"ŞCOALA GIMNAZIALĂ MÎNZĂLEŞTI",274,MÂNZĂLEŞTI,47630,1,PART,PRCNCT,PCJ,PCJ_SV,"2025-12-07 21:32:46",567,558,0,3,6,190,181,0,3,6,187,3,650,460,1,1,16,116,51,0,0,2
10,BUZĂU,"ŞCOALA GIMNAZIALĂ NĂENI",292,NĂENI,47854,1,PART,PRCNCT,PCJ,PCJ_SV,"2025-12-07 21:40:53",446,443,0,3,0,108,105,0,3,0,104,4,500,392,5,2,22,28,37,0,2,8
10,BUZĂU,"ȘCOALA GIMNAZIALĂ „NICOLAE EFRIMESCU” SĂGEATA",336,SĂGEATA,49073,1,PART,PRCNCT,PCJ,PCJ_SV,"2025-12-07 21:39:50",999,969,0,7,23,470,440,0,7,23,459,11,1100,630,3,2,11,333,98,2,6,4
10,BUZĂU,"ŞCOALA GIMNAZIALĂ ”NICOLAE IOAN JILINSCHI” VERNEȘTI",401,VERNEŞTI,50102,1,PART,PRCNCT,PCJ,PCJ_SV,"2025-12-07 21:54:05",2144,2137,4,2,1,501,498,0,2,1,491,10,2400,1899,6,2,77,224,131,10,9,32
10,BUZĂU,"ȘCOALA GIMNAZIALĂ ”NICOLAE TITULESCU„",63,"MUNICIPIUL BUZĂU",44818,1,PART,PRCNCT,PCJ,PCJ_SV,"2025-12-07 21:42:29",1245,1231,4,10,0,345,335,0,10,0,343,2,1400,1055,5,3,102,116,52,9,7,49
10,BUZĂU,"ȘCOALA GIMNAZIALĂ ”NICOLAE TITULESCU„",64,"MUNICIPIUL BUZĂU",44818,1,PART,PRCNCT,PCJ,PCJ_SV,"2025-12-07 21:47:10",1342,1332,1,9,0,321,312,0,9,0,317,4,1500,1179,5,2,77,116,60,5,2,50
10,BUZĂU,"ŞCOALA GIMNAZIALĂ NICOLEŞTI",322,PUIEŞTI,48842,1,PART,PRCNCT,PCJ,PCJ_SV,"2025-12-07 21:30:09",530,525,1,4,0,109,105,0,4,0,108,1,600,491,1,1,19,73,12,0,0,2
10,BUZĂU,"ȘCOALA GIMNAZIALĂ ”NICU CONSTANTINESCU”",42,"MUNICIPIUL BUZĂU",44818,1,PART,PRCNCT,PCJ,PCJ_SV,"2025-12-07 21:53:36",899,890,2,7,0,240,233,0,7,0,238,2,1000,760,1,3,61,75,73,3,5,17
10,BUZĂU,"ȘCOALA GIMNAZIALĂ ”NICU CONSTANTINESCU”",43,"MUNICIPIUL BUZĂU",44818,1,PART,PRCNCT,PCJ,PCJ_SV,"2025-12-07 22:08:19",1580,1568,4,8,0,360,352,0,8,0,350,10,1750,1390,7,5,83,112,105,6,2,30
10,BUZĂU,"ȘCOALA GIMNAZIALĂ ”NICU CONSTANTINESCU”",41,"MUNICIPIUL BUZĂU",44818,1,PART,PRCNCT,PCJ,PCJ_SV,"2025-12-07 21:50:18",1018,1009,0,9,0,237,228,0,9,0,236,1,1100,863,3,3,54,97,42,4,1,32
10,BUZĂU,"ŞCOALA GIMNAZIALĂ NR. 1",97,"MUNICIPIUL RÂMNICU SĂRAT",44845,1,PART,PRCNCT,PCJ,PCJ_SV,"2025-12-07 22:12:26",1100,1083,0,10,7,223,206,0,10,7,215,8,1200,977,8,4,44,90,54,4,1,10
10,BUZĂU,"ŞCOALA GIMNAZIALĂ NR.11",5,"MUNICIPIUL BUZĂU",44818,1,PART,PRCNCT,PCJ,PCJ_SV,"2025-12-07 22:15:34",1474,1454,0,7,13,370,350,0,7,13,363,7,1600,1230,7,10,74,138,83,9,9,33
10,BUZĂU,"ŞCOALA GIMNAZIALĂ NR.11",6,"MUNICIPIUL BUZĂU",44818,1,PART,PRCNCT,PCJ,PCJ_SV,"2025-12-07 21:53:19",1274,1267,0,7,0,342,335,0,7,0,336,6,1400,1058,3,6,83,143,64,4,4,29
10,BUZĂU,"ŞCOALA GIMNAZIALĂ NR.11",4,"MUNICIPIUL BUZĂU",44818,1,PART,PRCNCT,PCJ,PCJ_SV,"2025-12-07 22:11:12",1452,1441,3,8,0,389,381,0,8,0,387,2,1600,1211,4,2,75,160,91,8,6,41
10,BUZĂU,"ŞCOALA GIMNAZIALĂ NR.11",3,"MUNICIPIUL BUZĂU",44818,2,PART,PRCNCT,PCJ,PCJ_SV,"2025-12-08 00:02:08",1172,1163,0,9,0,269,260,0,9,0,267,2,1300,1031,5,3,51,96,60,9,12,31
10,BUZĂU,"ŞCOALA GIMNAZIALĂ NR.1 CĂTINA",189,CĂTINA,45959,1,PART,PRCNCT,PCJ,PCJ_SV,"2025-12-07 21:27:59",547,534,0,5,8,160,148,0,5,7,160,0,600,440,1,2,7,107,37,3,0,3
10,BUZĂU,"SCOALA GIMNAZIALA NR.1 COMUNA PADINA",299,PADINA,48138,2,PART,PRCNCT,PCJ,PCJ_SV,"2025-12-08 01:18:52",886,882,0,4,0,147,143,0,4,0,146,1,948,801,0,4,13,77,46,1,2,3
10,BUZĂU,"ȘCOALA GIMNAZIALĂ NR. 1 RÂMNICELU",325,RÂMNICELU,48968,2,PART,PRCNCT,PCJ,PCJ_SV,"2025-12-07 23:55:07",1049,1045,0,4,0,188,184,0,4,0,183,5,1150,962,5,2,13,118,45,0,0,0
10,BUZĂU,"SCOALA GIMNAZIALA NR 1 VILCELELE",400,VÂLCELELE,50399,2,PART,PRCNCT,PCJ,PCJ_SV,"2025-12-08 02:22:17",1033,942,0,5,86,540,449,0,5,86,536,4,1100,560,3,5,7,467,52,0,0,2
10,BUZĂU,"ŞCOALA GIMNAZIALĂ NR. 2",98,"MUNICIPIUL RÂMNICU SĂRAT",44845,1,PART,PRCNCT,PCJ,PCJ_SV,"2025-12-07 22:14:46",1728,1701,2,7,18,325,300,0,7,18,315,10,1900,1575,1,5,39,168,79,3,6,14
10,BUZĂU,"ŞCOALA GIMNAZIALĂ NR.2 CORBU",190,CĂTINA,45959,1,PART,PRCNCT,PCJ,PCJ_SV,"2025-12-07 21:41:32",602,592,0,5,5,194,184,0,5,5,193,1,650,456,2,2,4,129,53,0,1,2
10,BUZĂU,"ŞCOALA GIMNAZIALĂ NR. 6",94,"MUNICIPIUL RÂMNICU SĂRAT",44845,1,PART,PRCNCT,PCJ,PCJ_SV,"2025-12-07 21:44:23",1801,1791,2,8,0,359,351,0,8,0,354,5,2000,1641,3,3,47,149,122,10,4,16
10,BUZĂU,"ŞCOALA GIMNAZIALĂ NR. 7",15,"MUNICIPIUL BUZĂU",44818,1,PART,PRCNCT,PCJ,PCJ_SV,"2025-12-07 22:50:26",1565,1555,1,9,0,371,362,0,9,0,366,5,1700,1329,2,3,80,130,92,4,10,45
10,BUZĂU,"ŞCOALA GIMNAZIALĂ NR. 7",14,"MUNICIPIUL BUZĂU",44818,1,PART,PRCNCT,PCJ,PCJ_SV,"2025-12-07 22:23:57",1638,1631,0,7,0,284,277,0,7,0,282,2,1800,1516,5,8,54,113,65,5,3,29
10,BUZĂU,"ŞCOALA GIMNAZIALĂ ODĂILE",296,ODĂILE,48021,1,PART,PRCNCT,PCJ,PCJ_SV,"2025-12-07 21:56:59",537,522,0,5,10,188,173,0,5,10,183,5,600,412,1,2,14,142,20,2,0,2
10,BUZĂU,"ȘCOALA GIMNAZIALĂ OREAVUL",397,"VALEA RÂMNICULUI",50022,1,PART,PRCNCT,PCJ,PCJ_SV,"2025-12-07 22:12:16",1785,1777,4,4,0,350,346,0,4,0,348,2,2000,1650,4,3,23,183,114,3,2,16
10,BUZĂU,"ŞCOALA GIMNAZIALĂ PĂLTINIŞ",256,"GURA TEGHII",47079,3,PART,PRCNCT,PCJ,PCJ_SV,"2025-12-08 02:28:15",471,462,1,7,1,114,106,0,7,1,113,1,500,386,3,3,21,42,39,0,0,5
10,BUZĂU,"ŞCOALA GIMNAZIALĂ PĂNĂTĂU",301,PĂNĂTĂU,48227,2,PART,PRCNCT,PCJ,PCJ_SV,"2025-12-08 02:04:42",1130,1124,1,5,0,412,406,1,5,0,403,9,1246,834,2,3,14,291,85,1,1,6
10,BUZĂU,"ŞCOALA GIMNAZIALĂ ”P.H. ZANGOPOL”",37,"MUNICIPIUL BUZĂU",44818,1,PART,PRCNCT,PCJ,PCJ_SV,"2025-12-07 21:48:05",1419,1410,1,8,0,272,264,0,8,0,269,3,1500,1228,1,4,21,104,91,10,4,34
10,BUZĂU,"ŞCOALA GIMNAZIALĂ ”P.H. ZANGOPOL”",35,"MUNICIPIUL BUZĂU",44818,1,PART,PRCNCT,PCJ,PCJ_SV,"2025-12-07 21:45:53",878,871,1,6,0,150,144,0,6,0,147,3,950,800,4,2,11,45,67,1,5,12
10,BUZĂU,"ŞCOALA GIMNAZIALĂ ”P.H. ZANGOPOL”",36,"MUNICIPIUL BUZĂU",44818,1,PART,PRCNCT,PCJ,PCJ_SV,"2025-12-07 21:49:02",1113,1106,0,7,0,190,183,0,7,0,188,2,1250,1060,5,4,23,77,60,4,2,13
10,BUZĂU,"ŞCOALA GIMNAZIALĂ PIETROASELE",309,PIETROASELE,48487,1,PART,PRCNCT,PCJ,PCJ_SV,"2025-12-07 22:24:49",1469,1454,0,5,10,352,337,0,5,10,348,4,1600,1248,7,3,27,234,55,0,5,17
10,BUZĂU,"ŞCOALA GIMNAZIALA PITULICEA",244,"GLODEANU SĂRAT",46867,1,PART,PRCNCT,PCJ,PCJ_SV,"2025-12-07 22:04:49",719,713,0,6,0,115,109,0,6,0,115,0,800,685,2,1,17,22,67,0,2,4
10,BUZĂU,"ȘCOALA GIMNAZIALĂ PLAIUL NUCULUI",261,LOPĂTARI,47186,3,PART,PRCNCT,PCJ,PCJ_SV,"2025-12-08 02:14:07",508,504,0,4,0,94,90,0,4,0,92,2,550,456,1,0,16,44,30,0,0,1
10,BUZĂU,"ŞCOALA GIMNAZIALĂ PLEVNA",253,GREBĂNU,47006,1,PART,PRCNCT,PCJ,PCJ_SV,"2025-12-07 21:41:27",1098,1084,0,0,14,270,256,0,0,14,266,4,1200,930,4,2,11,178,61,0,1,9
10,BUZĂU,"ŞCOALA GIMNAZIALĂ PODGORIA",311,PODGORIA,48682,1,PART,PRCNCT,PCJ,PCJ_SV,"2025-12-07 21:58:40",1288,1280,2,6,0,274,268,0,6,0,272,2,1400,1126,2,1,19,143,89,1,3,14
10,BUZĂU,"ŞCOALA GIMNAZIALĂ PUIEŞTII DE JOS",319,PUIEŞTI,48842,1,PART,PRCNCT,PCJ,PCJ_SV,"2025-12-07 21:23:46",986,984,1,1,0,156,155,0,1,0,155,1,1100,944,2,4,24,66,49,0,0,10
10,BUZĂU,"ŞCOALA GIMNAZIALĂ ROBEASCA",330,ROBEASCA,49019,1,PART,PRCNCT,PCJ,PCJ_SV,"2025-12-07 22:04:23",573,536,0,5,32,179,142,0,5,32,174,5,600,421,2,4,9,120,37,1,0,1
10,BUZĂU,"ȘCOALA GIMNAZIALĂ SĂPOCA",346,SĂPOCA,49206,1,PART,PRCNCT,PCJ,PCJ_SV,"2025-12-07 22:08:16",1513,1476,2,3,32,425,391,0,3,31,417,8,1600,1175,2,3,33,248,114,2,1,14
10,BUZĂU,"SCOALA GIMNAZIALĂ SAT BALTA TOCILA",350,SCORŢOASA,49313,1,PART,PRCNCT,PCJ,PCJ_SV,"2025-12-07 21:15:57",236,234,1,1,0,52,51,0,1,0,51,1,250,198,2,3,8,17,21,0,0,0
10,BUZĂU,"ŞCOALA GIMNAZIALĂ SAT CINDEŞTI",403,VERNEŞTI,50102,1,PART,PRCNCT,PCJ,PCJ_SV,"2025-12-07 22:13:50",1328,1324,0,4,0,248,244,0,4,0,235,13,1400,1152,2,4,26,102,89,0,7,5
10,BUZĂU,"ŞCOALA GIMNAZIALĂ SAT CÎNDEȘTI",402,VERNEŞTI,50102,1,PART,PRCNCT,PCJ,PCJ_SV,"2025-12-07 21:48:35",1393,1388,1,4,0,349,345,0,4,0,337,12,1500,1151,4,0,9,170,140,2,9,3
10,BUZĂU,"ŞCOALA GIMNAZIALĂ SAT DÂMBROCA",340,SĂGEATA,49073,1,PART,PRCNCT,PCJ,PCJ_SV,"2025-12-07 22:02:44",940,903,0,3,34,289,253,0,3,33,288,1,1050,761,3,2,20,186,72,2,0,3
10,BUZĂU,"ŞCOALA GIMNAZIALA SAT HALEŞ, COMUNA TISAU",372,TISĂU,49643,1,PART,PRCNCT,PCJ,PCJ_SV,"2025-12-07 21:28:58",760,753,0,7,0,140,133,0,7,0,138,2,850,710,2,1,17,69,45,0,0,4
10,BUZĂU,"ŞCOALA GIMNAZIALĂ SAT SCĂRIŞOARA, COMUNA CISLĂU",211,CISLĂU,46313,1,PART,PRCNCT,PCJ,PCJ_SV,"2025-12-07 21:50:56",997,995,0,2,0,167,165,0,2,0,163,4,1100,933,2,3,15,70,68,4,0,1
10,BUZĂU,"SCOALA GIMNAZIALA SCURTEŞTI",394,"VADU PAŞII",49956,2,PART,PRCNCT,PCJ,PCJ_SV,"2025-12-08 01:02:55",1667,1662,0,3,2,383,378,0,3,2,375,8,1800,1417,2,4,23,200,132,4,5,5
10,BUZĂU,"ȘCOALA GIMNAZIALĂ ”SFÂNTUL APOSTOL ANDREI”",68,"MUNICIPIUL BUZĂU",44818,1,PART,PRCNCT,PCJ,PCJ_SV,"2025-12-07 21:55:51",1553,1543,0,10,0,352,342,0,10,0,347,5,1700,1348,9,4,76,130,79,8,7,34
10,BUZĂU,"ȘCOALA GIMNAZIALĂ ”SFÂNTUL APOSTOL ANDREI”",65,"MUNICIPIUL BUZĂU",44818,2,PART,PRCNCT,PCJ,PCJ_SV,"2025-12-08 02:56:44",1145,1134,0,11,0,228,217,0,11,0,221,7,1250,1022,3,5,40,87,61,2,6,17
10,BUZĂU,"ȘCOALA GIMNAZIALĂ ”SFÂNTUL APOSTOL ANDREI”",66,"MUNICIPIUL BUZĂU",44818,1,PART,PRCNCT,PCJ,PCJ_SV,"2025-12-07 22:16:11",1329,1268,0,12,49,309,248,0,12,49,305,4,1400,1091,5,8,42,117,103,2,7,21
10,BUZĂU,"ȘCOALA GIMNAZIALĂ ”SFÂNTUL APOSTOL ANDREI”",67,"MUNICIPIUL BUZĂU",44818,1,PART,PRCNCT,PCJ,PCJ_SV,"2025-12-07 21:52:52",1356,1345,0,11,0,302,291,0,11,0,299,3,1500,1198,6,2,53,122,73,4,8,31
10,BUZĂU,"ȘCOALA GIMNAZIALĂ ”SPECTRUM” BUZĂU",75,"MUNICIPIUL BUZĂU",44818,1,PART,PRCNCT,PCJ,PCJ_SV,"2025-12-07 22:06:36",1715,1706,0,9,0,197,188,0,9,0,191,6,1900,1703,4,2,22,57,83,4,4,15
10,BUZĂU,"SCOALA GIMNAZIALA STILPU",369,STÂLPU,49625,1,PART,PRCNCT,PCJ,PCJ_SV,"2025-12-07 21:59:11",1380,1378,1,1,0,318,317,0,1,0,315,3,1500,1182,5,2,15,186,86,9,4,8
10,BUZĂU,"ŞCOALA GIMNAZIALĂ TACHE ŞI ECATERINA TOCILESCU",408,"VINTILĂ VODĂ",50228,2,PART,PRCNCT,PCJ,PCJ_SV,"2025-12-08 01:54:27",1222,1160,1,5,56,435,374,0,5,56,428,7,1300,865,4,6,22,256,109,4,3,24
10,BUZĂU,"ŞCOALA GIMNAZIALA URSOAIA",414,VIPEREŞTI,50326,1,PART,PRCNCT,PCJ,PCJ_SV,"2025-12-07 21:28:23",790,784,0,6,0,88,82,0,6,0,88,0,850,762,2,1,4,41,37,0,1,2
10,BUZĂU,"ŞCOALA GIMNAZIALĂ VĂCĂREASCA",249,GLODEANU-SILIŞTEA,46910,1,PART,PRCNCT,PCJ,PCJ_SV,"2025-12-07 21:32:33",344,340,0,3,1,50,46,0,3,1,50,0,400,350,1,1,3,27,16,0,0,2
10,BUZĂU,"ŞCOALA GIMNAZIALĂ VALEA PĂRULUI",144,BECENI,45003,1,PART,PRCNCT,PCJ,PCJ_SV,"2025-12-07 22:05:37",1048,1022,0,7,19,191,165,0,7,19,186,5,1150,959,1,3,14,108,55,1,2,2
10,BUZĂU,"SCOALA GIMNAZIALA VALEA RAMNICULUI",396,"VALEA RÂMNICULUI",50022,2,PART,PRCNCT,PCJ,PCJ_SV,"2025-12-08 01:12:08",1768,1761,2,5,0,374,369,0,5,0,367,7,1900,1526,3,2,28,209,107,5,5,8
10,BUZĂU,"ŞCOALA GIMNAZIALĂ ”VASILE ALDEA” ZOREȘTI",407,VERNEŞTI,50102,1,PART,PRCNCT,PCJ,PCJ_SV,"2025-12-07 21:50:54",1127,1121,1,5,0,198,193,0,5,0,195,3,1200,1002,1,1,22,63,84,5,3,16
10,BUZĂU,"ŞCOALA GIMNAZIALĂ ”VASILE CRISTOFOREANU”",83,"MUNICIPIUL RÂMNICU SĂRAT",44845,2,PART,PRCNCT,PCJ,PCJ_SV,"2025-12-08 02:04:55",1525,1513,2,7,3,274,264,0,7,3,268,6,500,226,0,3,34,149,63,2,3,14
10,BUZĂU,"ŞCOALA GIMNAZIALĂ ”VASILE CRISTOFOREANU”",84,"MUNICIPIUL RÂMNICU SĂRAT",44845,1,PART,PRCNCT,PCJ,PCJ_SV,"2025-12-07 21:55:02",1416,1407,1,8,0,254,246,0,8,0,246,8,1600,1346,4,2,39,125,52,3,4,17
10,BUZĂU,"ŞCOALA GIMNAZIALĂ ”VASILE CRISTOFOREANU”",85,"MUNICIPIUL RÂMNICU SĂRAT",44845,1,PART,PRCNCT,PCJ,PCJ_SV,"2025-12-07 22:31:10",1612,1604,0,8,0,403,395,0,8,0,394,9,1800,1397,6,3,70,191,95,5,4,20
10,BUZĂU,"ŞCOALA GIMNAZIALA VIPEREŞTI",411,VIPEREŞTI,50326,1,PART,PRCNCT,PCJ,PCJ_SV,"2025-12-07 21:25:02",933,923,0,3,7,272,262,0,3,7,266,6,1050,778,5,2,7,174,73,0,2,3
10,BUZĂU,"SCOALA GURA-FAGETULUI",381,TOPLICENI,49769,1,PART,PRCNCT,PCJ,PCJ_SV,"2025-12-07 21:19:00",152,146,0,6,0,59,53,0,6,0,59,0,200,141,1,0,7,24,25,0,0,2
10,BUZĂU,"ŞCOALA GURA SĂRĂŢII",281,MEREI,47453,1,PART,PRCNCT,PCJ,PCJ_SV,"2025-12-07 21:18:42",144,138,0,6,0,36,30,0,6,0,36,0,150,114,0,1,2,18,13,0,0,2
10,BUZĂU,"ŞCOALA LUNCA FRUMOASA",307,PÂRSCOV,48557,1,PART,PRCNCT,PCJ,PCJ_SV,"2025-12-07 21:40:16",832,828,0,3,1,174,170,0,3,1,174,0,900,726,0,1,15,96,45,1,0,16
10,BUZĂU,"ŞCOALA MĂCRINA",321,PUIEŞTI,48842,1,PART,PRCNCT,PCJ,PCJ_SV,"2025-12-07 21:23:00",405,402,0,3,0,87,84,0,3,0,85,2,450,363,2,1,6,58,17,0,0,1
10,BUZĂU,"ŞCOALA NENCIULEŞTI",284,MEREI,47453,1,PART,PRCNCT,PCJ,PCJ_SV,"2025-12-07 21:29:44",242,233,0,9,0,41,32,0,9,0,41,0,250,209,0,1,1,30,5,0,1,3
10,BUZĂU,"SCOALA NR.2 SAT RAMNICELU",326,RÂMNICELU,48968,2,PART,PRCNCT,PCJ,PCJ_SV,"2025-12-08 00:10:00",1484,1477,0,7,0,283,276,0,7,0,280,3,1600,1317,1,3,5,203,65,0,3,0
10,BUZĂU,"ŞCOALA PARDOŞI",300,PARDOŞI,48165,1,PART,PRCNCT,PCJ,PCJ_SV,"2025-12-07 21:56:30",257,229,0,7,21,164,136,0,7,21,162,2,300,136,1,1,3,136,15,0,2,4
10,BUZĂU,"ŞCOALA PIETRARU",229,COZIENI,46554,1,PART,PRCNCT,PCJ,PCJ_SV,"2025-12-07 21:17:34",139,131,1,7,0,27,20,0,7,0,26,1,150,123,1,1,9,10,5,0,0,0
10,BUZĂU,"ŞCOALA PRIMARĂ",127,"ORAŞ PĂTÂRLAGELE",48325,1,PART,PRCNCT,PCJ,PCJ_SV,"2025-12-07 21:55:15",366,361,0,5,0,94,89,0,5,0,93,1,400,306,4,1,12,40,33,0,1,2
10,BUZĂU,"ŞCOALA PRIMARĂ",335,RUŞEŢU,49046,1,PART,PRCNCT,PCJ,PCJ_SV,"2025-12-07 21:32:09",155,147,0,8,0,65,57,0,8,0,65,0,200,135,2,0,3,38,19,1,0,2
10,BUZĂU,"ŞCOALĂ PRIMARĂ",123,"ORAŞ PĂTÂRLAGELE",48325,1,PART,PRCNCT,PCJ,PCJ_SV,"2025-12-07 21:28:26",246,240,0,6,0,45,39,0,6,0,44,1,300,255,1,1,1,11,30,0,0,0
10,BUZĂU,"ŞCOALA PRIMARĂ BECENI",140,BECENI,45003,1,PART,PRCNCT,PCJ,PCJ_SV,"2025-12-07 22:35:53",779,767,0,5,7,175,163,0,5,7,172,3,850,675,1,3,13,110,38,2,1,4
10,BUZĂU,"ŞCOALA PRIMARĂ BEGU",302,PĂNĂTĂU,48227,1,PART,PRCNCT,PCJ,PCJ_SV,"2025-12-07 21:23:19",178,170,1,7,0,104,97,0,7,0,103,1,200,96,1,1,1,81,17,1,0,1
10,BUZĂU,"SCOALA PRIMARA BÎSCENII DE JOS",179,CALVINI,45753,1,PART,PRCNCT,PCJ,PCJ_SV,"2025-12-07 21:43:11",485,440,0,8,37,223,179,0,8,36,218,5,550,327,1,1,3,178,29,1,0,5
10,BUZĂU,"ŞCOALA PRIMARA CATIASU",202,CHIOJDU,46180,1,PART,PRCNCT,PCJ,PCJ_SV,"2025-12-07 21:19:31",266,260,0,6,0,37,31,0,6,0,37,0,300,263,5,3,2,15,10,0,1,1
10,BUZĂU,"ŞCOALA PRIMARĂ COSTIENI",420,ZIDURI,50479,1,PART,PRCNCT,PCJ,PCJ_SV,"2025-12-07 21:40:25",558,556,0,2,0,118,116,0,2,0,117,1,600,482,1,1,6,80,27,1,1,0
10,BUZĂU,"ȘCOALA PRIMARĂ COTORCA",248,GLODEANU-SILIŞTEA,46910,1,PART,PRCNCT,PCJ,PCJ_SV,"2025-12-07 21:57:27",727,725,0,2,0,147,145,0,2,0,143,4,800,653,1,3,8,87,41,1,0,2
10,BUZĂU,"ŞCOALA PRIMARĂ COTU CIORII",184,"C.A. ROSETTI",45815,1,PART,PRCNCT,PCJ,PCJ_SV,"2025-12-07 21:37:37",452,449,0,3,0,92,89,0,3,0,92,0,500,408,3,2,8,32,45,1,0,1
10,BUZĂU,"ŞCOALA PRIMARĂ CUCULEASA",421,ZIDURI,50479,1,PART,PRCNCT,PCJ,PCJ_SV,"2025-12-07 21:32:10",361,354,0,7,0,92,85,0,7,0,91,1,400,308,1,2,12,50,25,1,0,0
10,BUZĂU,"ŞCOALA PRIMARĂ DEALUL VIEI",280,MEREI,47453,1,PART,PRCNCT,PCJ,PCJ_SV,"2025-12-07 21:46:40",626,619,2,5,0,129,124,0,5,0,122,7,650,521,1,1,16,60,30,1,3,10
10,BUZĂU,"ŞCOALA PRIMARA DIN SATUL FULGA",196,CERNĂTEŞTI,46019,2,PART,PRCNCT,PCJ,PCJ_SV,"2025-12-07 22:46:09",365,358,0,5,2,105,98,0,5,2,99,6,400,295,2,2,11,61,19,0,0,4
10,BUZĂU,"ŞCOALA PRIMARĂ DIN SATUL MOVILA OII",207,CILIBIA,46251,2,PART,PRCNCT,PCJ,PCJ_SV,"2025-12-08 02:06:28",266,247,0,6,13,118,99,0,6,13,117,1,300,182,1,1,4,82,27,0,0,2
10,BUZĂU,"ŞCOALA PRIMARĂ FINŢESTI",293,NĂENI,47854,1,PART,PRCNCT,PCJ,PCJ_SV,"2025-12-07 21:27:03",446,444,0,2,0,74,72,0,2,0,73,1,500,426,3,0,19,37,12,1,0,1
10,BUZĂU,"ŞCOALA PRIMARĂ FIŞICI",164,BOZIORU,45389,1,PART,PRCNCT,PCJ,PCJ_SV,"2025-12-07 21:35:46",278,274,0,4,0,86,82,0,4,0,84,2,300,214,3,1,8,55,12,0,1,4
10,BUZĂU,"ŞCOALA PRIMARĂ FLOREŞTI",141,BECENI,45003,1,PART,PRCNCT,PCJ,PCJ_SV,"2025-12-07 21:41:42",175,155,0,7,13,54,35,0,7,12,52,2,200,146,1,1,5,30,12,1,2,0
10,BUZĂU,"SCOALA PRIMARA GARA BOBOCU",215,COCHIRLEANCA,46377,1,PART,PRCNCT,PCJ,PCJ_SV,"2025-12-07 21:33:40",318,310,0,8,0,100,92,0,8,0,97,3,350,250,1,2,3,59,31,0,0,1
10,BUZĂU,"ŞCOALA PRIMARĂ GOMOEȘTI",224,COSTEŞTI,46484,1,PART,PRCNCT,PCJ,PCJ_SV,"2025-12-07 21:29:26",186,178,0,8,0,52,44,0,8,0,52,0,200,148,2,1,2,23,22,0,0,2
10,BUZĂU,"ŞCOALA PRIMARĂ HELIADE RĂDULESCU",422,ZIDURI,50479,1,PART,PRCNCT,PCJ,PCJ_SV,"2025-12-07 21:34:01",590,583,1,6,0,74,68,0,6,0,71,3,650,576,3,1,9,36,21,0,0,1
10,BUZĂU,"ŞCOALA PRIMARĂ HOMEŞTI",251,GREBĂNU,47006,1,PART,PRCNCT,PCJ,PCJ_SV,"2025-12-07 21:40:19",840,831,0,6,3,107,98,0,6,3,106,1,900,793,2,1,5,57,39,0,1,1
10,BUZĂU,"ŞCOALA PRIMARĂ IZVORU DULCE",143,BECENI,45003,1,PART,PRCNCT,PCJ,PCJ_SV,"2025-12-07 22:08:55",673,665,0,3,5,105,97,0,3,5,102,3,700,595,2,1,9,38,44,1,0,7
10,BUZĂU,"ŞCOALA PRIMARA LERA",203,CHIOJDU,46180,1,PART,PRCNCT,PCJ,PCJ_SV,"2025-12-07 21:29:54",329,323,0,6,0,54,48,0,6,0,54,0,350,296,1,2,2,27,19,0,1,2
10,BUZĂU,"ŞCOALA PRIMARĂ LIVADA",252,GREBĂNU,47006,1,PART,PRCNCT,PCJ,PCJ_SV,"2025-12-07 21:29:05",544,523,0,8,13,143,125,0,8,10,142,1,600,457,2,0,7,92,37,4,0,0
10,BUZĂU,"ŞCOALA PRIMARA MĂRGINEANU",288,MIHĂILEŞTI,47578,1,PART,PRCNCT,PCJ,PCJ_SV,"2025-12-07 21:41:37",694,669,0,5,20,156,131,0,5,20,150,6,750,594,2,1,10,104,32,0,1,0
10,BUZĂU,"ŞCOALA PRIMARA MUŞCEL",412,VIPEREŞTI,50326,1,PART,PRCNCT,PCJ,PCJ_SV,"2025-12-07 21:22:34",81,73,0,8,0,24,16,0,8,0,24,0,100,76,0,1,2,14,6,0,1,0
10,BUZĂU,"SCOALA PRIMARA NEGOSINA",188,CĂNEŞTI,45888,1,PART,PRCNCT,PCJ,PCJ_SV,"2025-12-07 21:36:25",145,129,0,7,9,80,64,0,7,9,78,2,150,70,1,1,4,58,13,0,1,0
10,BUZĂU,"ŞCOALA PRIMARĂ NEHOIAŞU",108,"ORAŞ NEHOIU",47916,1,PART,PRCNCT,PCJ,PCJ_SV,"2025-12-07 21:59:49",323,309,0,8,6,126,113,0,8,5,124,2,350,224,1,0,2,88,29,1,1,2
10,BUZĂU,"ŞCOALA PRIMARĂ NR.1 VALEA CĂTINEI",192,CĂTINA,45959,1,PART,PRCNCT,PCJ,PCJ_SV,"2025-12-07 21:32:21",354,328,0,6,20,120,95,0,6,19,120,0,400,280,1,1,1,89,27,1,0,0
10,BUZĂU,"ŞCOALA PRIMARĂ NR.2 ZELETIN",193,CĂTINA,45959,1,PART,PRCNCT,PCJ,PCJ_SV,"2025-12-07 21:23:49",162,155,0,7,0,14,7,0,7,0,14,0,200,186,1,1,1,10,1,0,0,0
10,BUZĂU,"ŞCOALA PRIMARĂ OGRĂZILE",285,MEREI,47453,1,PART,PRCNCT,PCJ,PCJ_SV,"2025-12-07 21:43:18",576,571,2,3,0,112,109,0,3,0,112,0,600,488,1,3,13,43,44,1,0,7
10,BUZĂU,"ŞCOALA PRIMARA PLESCIOARA",204,CHIOJDU,46180,1,PART,PRCNCT,PCJ,PCJ_SV,"2025-12-07 21:17:25",123,116,0,7,0,48,41,0,7,0,48,0,150,102,0,0,2,37,7,1,1,0
10,BUZĂU,"ŞCOALA PRIMARĂ PLEȘEȘTI",313,PODGORIA,48682,1,PART,PRCNCT,PCJ,PCJ_SV,"2025-12-07 21:24:50",274,269,0,4,1,59,54,0,4,1,59,0,300,241,2,1,1,49,3,0,0,3
10,BUZĂU,"ŞCOALA PRIMARA POENITELE",205,CHIOJDU,46180,1,PART,PRCNCT,PCJ,PCJ_SV,"2025-12-07 22:53:56",159,149,0,10,0,41,31,0,10,0,40,1,200,159,1,1,2,16,15,0,4,1
10,BUZĂU,"ŞCOALA PRIMARA POŞTA",382,TOPLICENI,49769,1,PART,PRCNCT,PCJ,PCJ_SV,"2025-12-07 21:39:45",420,414,0,6,0,101,95,0,6,0,99,2,450,349,2,0,6,47,41,1,1,1
10,BUZĂU,"ȘCOALA PRIMARĂ SĂLCIOARA",363,SMEENI,49545,1,PART,PRCNCT,PCJ,PCJ_SV,"2025-12-07 21:27:10",549,544,0,5,0,114,109,0,5,0,113,1,600,486,2,6,9,66,24,0,3,3
10,BUZĂU,"ȘCOALA PRIMARĂ SĂLCIOARA",240,GHERGHEASA,46830,1,PART,PRCNCT,PCJ,PCJ_SV,"2025-12-07 21:40:22",778,761,0,6,11,207,190,0,6,11,204,3,850,643,1,3,14,150,35,1,0,0
10,BUZĂU,"ŞCOALA PRIMARĂ SĂSENII NOI",406,VERNEŞTI,50102,1,PART,PRCNCT,PCJ,PCJ_SV,"2025-12-07 21:26:50",294,287,2,5,0,78,73,0,5,0,76,2,350,272,1,2,7,26,37,0,0,3
10,BUZĂU,"ŞCOALA PRIMARA SAT ARCANU",357,SCUTELNICI,49439,1,PART,PRCNCT,PCJ,PCJ_SV,"2025-12-07 21:29:50",313,301,0,4,8,116,104,0,4,8,113,3,350,234,0,1,3,89,19,0,1,0
10,BUZĂU,"ŞCOALA PRIMARĂ SAT BĂLĂNEȘTI",228,COZIENI,46554,1,PART,PRCNCT,PCJ,PCJ_SV,"2025-12-07 21:55:41",512,510,0,2,0,97,95,0,2,0,95,2,550,453,0,3,20,45,22,0,1,4
10,BUZĂU,"ŞCOALA PRIMARĂ SAT BECIU",351,SCORŢOASA,49313,1,PART,PRCNCT,PCJ,PCJ_SV,"2025-12-07 21:28:42",115,108,0,7,0,44,37,0,7,0,44,0,150,106,1,1,6,15,21,0,0,0
10,BUZĂU,"ŞCOALA PRIMARĂ SAT COCA ANTIMIREŞTI",409,"VINTILĂ VODĂ",50228,1,PART,PRCNCT,PCJ,PCJ_SV,"2025-12-07 21:47:58",175,167,0,8,0,61,53,0,8,0,60,1,200,139,2,1,3,39,9,0,1,5
10,BUZĂU,"ŞCOALA PRIMARĂ SAT COLŢU PIETRII,COMUNA SIRIU,JUDETUL BUZĂU",360,SIRIU,49484,2,PART,PRCNCT,PCJ,PCJ_SV,"2025-12-08 02:23:20",1144,1129,0,6,9,441,426,0,6,9,435,6,1250,809,4,1,11,178,230,1,3,7
10,BUZĂU,"ŞCOALA PRIMARĂ SAT GOLU GRABICINA",353,SCORŢOASA,49313,1,PART,PRCNCT,PCJ,PCJ_SV,"2025-12-07 21:33:51",223,212,0,7,4,58,47,0,7,4,57,1,250,192,2,5,7,35,8,0,0,0
10,BUZĂU,"ŞCOALA PRIMARĂ SAT GRABICINA DE JOS",354,SCORŢOASA,49313,1,PART,PRCNCT,PCJ,PCJ_SV,"2025-12-07 21:15:05",126,113,0,8,5,51,38,0,8,5,48,3,148,97,2,1,5,27,13,0,0,0
10,BUZĂU,"ŞCOALA PRIMARĂ SAT GURA BÂSCEI, COMUNA CISLĂU",210,CISLĂU,46313,1,PART,PRCNCT,PCJ,PCJ_SV,"2025-12-07 21:20:10",361,356,0,5,0,52,47,0,5,0,52,0,400,348,1,1,12,24,13,0,0,1
10,BUZĂU,"ŞCOALA PRIMARĂ SAT GURA VĂII",355,SCORŢOASA,49313,1,PART,PRCNCT,PCJ,PCJ_SV,"2025-12-07 21:22:35",153,148,0,5,0,49,44,0,5,0,49,0,200,151,3,3,7,20,9,0,0,7
10,BUZĂU,"SCOALA PRIMARA, SAT IZVORANU, COMUNA TISAU",373,TISĂU,49643,1,PART,PRCNCT,PCJ,PCJ_SV,"2025-12-07 21:17:03",90,83,0,7,0,32,25,0,7,0,32,0,100,68,1,0,3,17,11,0,0,0
10,BUZĂU,"ŞCOALA PRIMARĂ SAT LUNCILE",260,LOPĂTARI,47186,1,PART,PRCNCT,PCJ,PCJ_SV,"2025-12-07 21:29:19",595,588,1,6,0,112,106,0,6,0,111,1,650,538,2,2,21,53,31,0,0,2
10,BUZĂU,"ȘCOALA PRIMARĂ SAT MUCEȘTI-DĂNULEȘTI",175,BUDA,45673,1,PART,PRCNCT,PCJ,PCJ_SV,"2025-12-07 22:00:08",889,884,0,5,0,237,232,0,5,0,230,7,950,713,3,1,3,140,81,0,0,2
10,BUZĂU,"ŞCOALA PRIMARĂ SAT NICULEŞTI",410,"VINTILĂ VODĂ",50228,1,PART,PRCNCT,PCJ,PCJ_SV,"2025-12-07 21:57:07",877,846,1,5,25,287,257,0,5,25,282,5,1000,713,2,5,16,186,61,1,2,9
10,BUZĂU,"ŞCOALA PRIMARĂ SAT PLOŞTINA",262,LOPĂTARI,47186,1,PART,PRCNCT,PCJ,PCJ_SV,"2025-12-07 21:43:14",365,361,0,4,0,51,47,0,4,0,51,0,400,349,1,1,13,11,21,0,0,4
10,BUZĂU,"SCOALA PRIMARĂ SAT STREZENI, COMUNA TISAU",375,TISĂU,49643,1,PART,PRCNCT,PCJ,PCJ_SV,"2025-12-07 21:43:50",431,425,0,6,0,69,63,0,6,0,68,1,450,381,1,2,11,25,25,1,1,2
10,BUZĂU,"ŞCOALA PRIMARA SAT ŢINTEŞTI",384,ŢINTEŞTI,49849,1,PART,PRCNCT,PCJ,PCJ_SV,"2025-12-07 22:30:07",1757,1753,1,3,0,333,330,0,3,0,325,8,1900,1567,2,1,25,160,131,0,1,5
10,BUZĂU,"ȘCOALA PRIMARĂ SMÂRDAN",167,BRĂDEANU,45496,2,PART,PRCNCT,PCJ,PCJ_SV,"2025-12-08 01:18:56",656,652,0,4,0,190,186,0,4,0,189,1,700,510,1,6,8,127,42,1,2,2
10,BUZĂU,"SCOALA PRIMARA TARLELE",217,COCHIRLEANCA,46377,1,PART,PRCNCT,PCJ,PCJ_SV,"2025-12-07 21:24:47",40,31,0,9,0,14,5,0,9,0,13,1,50,36,2,1,2,6,2,0,0,0
10,BUZĂU,"ȘCOALA PRIMARĂ TERCA",263,LOPĂTARI,47186,1,PART,PRCNCT,PCJ,PCJ_SV,"2025-12-07 21:19:32",307,300,1,6,0,47,41,0,6,0,46,1,350,303,1,0,12,17,14,0,0,2
10,BUZĂU,"ŞCOALA PRIMARĂ TRESTIOARA",277,MÂNZĂLEŞTI,47630,1,PART,PRCNCT,PCJ,PCJ_SV,"2025-12-07 21:32:46",277,267,0,9,1,83,73,0,9,1,83,0,300,217,3,2,9,48,21,0,0,0
10,BUZĂU,"ŞCOALA PRIMARA TRONARI",413,VIPEREŞTI,50326,1,PART,PRCNCT,PCJ,PCJ_SV,"2025-12-07 21:35:25",761,748,0,5,8,215,202,0,5,8,215,0,850,635,6,1,7,113,88,0,0,0
10,BUZĂU,"ŞCOALA PRIMARĂ VALEA COTOAREI",278,MÂNZĂLEŞTI,47630,1,PART,PRCNCT,PCJ,PCJ_SV,"2025-12-07 21:29:51",159,150,0,6,3,71,62,0,6,3,70,1,200,129,1,1,3,40,25,0,0,0
10,BUZĂU,"ŞCOALA PRIMARĂ VALEA NUCULUI",154,BERCA,45101,1,PART,PRCNCT,PCJ,PCJ_SV,"2025-12-07 22:09:10",573,565,0,6,2,110,102,0,6,2,109,1,700,590,4,2,21,41,29,5,0,7
10,BUZĂU,"ŞCOALA PRIMARĂ VARLAAM",257,"GURA TEGHII",47079,1,PART,PRCNCT,PCJ,PCJ_SV,"2025-12-07 21:31:38",417,410,2,5,0,77,72,0,5,0,76,1,450,373,0,2,5,36,30,0,0,3
10,BUZĂU,"ŞCOALA PRIMARĂ VIZIRENI",186,"C.A. ROSETTI",45815,2,PART,PRCNCT,PCJ,PCJ_SV,"2025-12-07 22:31:48",369,366,0,3,0,109,106,0,3,0,108,1,400,291,2,3,7,53,37,1,0,5
10,BUZĂU,"ŞCOALA PRMARĂ CĂLŢUNA",365,SMEENI,49545,1,PART,PRCNCT,PCJ,PCJ_SV,"2025-12-07 21:22:40",400,392,0,8,0,121,113,0,8,0,119,2,450,329,1,0,5,49,61,1,0,2
10,BUZĂU,"ŞCOALA PRMARĂ LUCIENI",367,SMEENI,49545,1,PART,PRCNCT,PCJ,PCJ_SV,"2025-12-07 21:34:17",305,298,0,7,0,81,74,0,7,0,79,2,350,269,1,1,3,47,25,0,0,2
10,BUZĂU,"ŞCOALA PUIEŞTII DE SUS",323,PUIEŞTI,48842,1,PART,PRCNCT,PCJ,PCJ_SV,"2025-12-07 21:34:43",264,260,0,4,0,57,53,0,4,0,57,0,300,243,2,1,8,28,16,0,0,2
10,BUZĂU,"ŞCOALA SAT COLIBAŞI",327,RÂMNICELU,48968,2,PART,PRCNCT,PCJ,PCJ_SV,"2025-12-07 23:12:10",341,333,2,6,0,60,54,0,6,0,60,0,400,340,2,1,6,30,21,0,0,0
10,BUZĂU,"ŞCOALA SAT FOTIN",328,RÂMNICELU,48968,2,PART,PRCNCT,PCJ,PCJ_SV,"2025-12-08 00:25:29",201,193,0,8,0,46,38,0,8,0,46,0,250,204,1,2,1,18,22,1,0,1
10,BUZĂU,"SCOALA SAT ŞTIUBEI",329,RÂMNICELU,48968,1,PART,PRCNCT,PCJ,PCJ_SV,"2025-12-07 21:36:46",477,471,0,6,0,97,91,0,6,0,96,1,550,453,6,2,3,50,31,2,0,2
10,BUZĂU,"ŞCOALA TEGA",303,PĂNĂTĂU,48227,1,PART,PRCNCT,PCJ,PCJ_SV,"2025-12-07 22:07:15",449,442,0,7,0,197,190,0,7,0,196,1,500,303,0,2,5,126,59,1,0,3
10,BUZĂU,"ŞCOALA TRESTIOARA",199,CHILIILE,46108,1,PART,PRCNCT,PCJ,PCJ_SV,"2025-12-07 22:16:36",154,139,0,5,10,95,80,0,5,10,95,0,200,105,3,1,3,83,4,0,0,1
10,BUZĂU,"ŞCOALA VÎRF",295,NĂENI,47854,1,PART,PRCNCT,PCJ,PCJ_SV,"2025-12-07 21:20:42",178,172,0,6,0,52,46,0,6,0,51,1,200,148,1,1,8,29,12,0,0,0
10,BUZĂU,"S.C. RAFINĂRIA VENUS OILREG S.A.",99,"MUNICIPIUL RÂMNICU SĂRAT",44845,1,PART,PRCNCT,PCJ,PCJ_SV,"2025-12-07 22:07:40",1890,1878,0,11,1,400,388,0,11,1,379,21,2100,1700,2,7,34,159,154,4,5,14
10,BUZĂU,"SEMINARUL TEOLOGIC ORTODOX ”CHESARIE EPISCOPUL”",74,"MUNICIPIUL BUZĂU",44818,1,PART,PRCNCT,PCJ,PCJ_SV,"2025-12-07 22:05:33",1530,1526,0,4,0,293,289,0,4,0,289,4,1700,1407,5,5,56,102,89,3,5,24
10,BUZĂU,"SEMINARUL TEOLOGIC ORTODOX ”CHESARIE EPISCOPUL”",73,"MUNICIPIUL BUZĂU",44818,1,PART,PRCNCT,PCJ,PCJ_SV,"2025-12-07 21:44:29",1295,1291,0,4,0,349,345,0,4,0,344,5,1450,1101,4,1,90,124,75,5,10,35
